date,league,round,home,away,pHome,pDraw,pAway,xgHome,xgAway,url
2026-08-15T17:30:00+00:00,la-liga,"Regular Season - 1","Alaves","Getafe",0.4735,0.2753,0.2512,1.64,1.14,https://theopenmodel.com/match/alaves-vs-getafe-2026-08-15/
2026-08-15T19:30:00+00:00,la-liga,"Regular Season - 1","Sevilla","Rayo Vallecano",0.4306,0.281,0.2884,1.55,1.23,https://theopenmodel.com/match/sevilla-vs-rayo-vallecano-2026-08-15/
2026-08-16T15:00:00+00:00,la-liga,"Regular Season - 1","Santander","Villarreal",0.2858,0.2807,0.4335,1.23,1.55,https://theopenmodel.com/match/santander-vs-villarreal-2026-08-16/
2026-08-16T17:00:00+00:00,la-liga,"Regular Season - 1","Espanyol","Levante",0.4093,0.2829,0.3077,1.5,1.28,https://theopenmodel.com/match/espanyol-vs-levante-2026-08-16/
2026-08-17T19:00:00+00:00,la-liga,"Regular Season - 1","Depor","Elche",0.4223,0.2818,0.2959,1.53,1.25,https://theopenmodel.com/match/depor-vs-elche-2026-08-17/
2026-08-19T19:00:00+00:00,la-liga,"Regular Season - 1","Atlético","Malaga",0.7196,0.1987,0.0817,2.16,0.62,https://theopenmodel.com/match/atletico-vs-malaga-2026-08-19/
2026-08-20T19:00:00+00:00,la-liga,"Regular Season - 2","Rayo Vallecano","Alaves",0.4164,0.2824,0.3013,1.52,1.26,https://theopenmodel.com/match/rayo-vallecano-vs-alaves-2026-08-20/
2026-08-21T18:45:00+00:00,ligue-1,"Regular Season - 1","Marseille","Strasbourg",0.414,0.2826,0.3034,1.51,1.27,https://theopenmodel.com/match/marseille-vs-strasbourg-2026-08-21/
2026-08-21T19:00:00+00:00,premier-league,"Regular Season - 1","Arsenal","Coventry",0.8239,0.1434,0.0327,2.42,0.36,https://theopenmodel.com/match/arsenal-vs-coventry-2026-08-21/
2026-08-21T19:00:00+00:00,la-liga,"Regular Season - 2","Betis","Real Sociedad",0.4904,0.2724,0.2373,1.67,1.11,https://theopenmodel.com/match/betis-vs-real-sociedad-2026-08-21/
2026-08-22T11:30:00+00:00,premier-league,"Regular Season - 1","Hull","Man United",0.2165,0.2672,0.5163,1.06,1.73,https://theopenmodel.com/match/hull-vs-man-united-2026-08-22/
2026-08-22T14:00:00+00:00,premier-league,"Regular Season - 1","Everton","Crystal Palace",0.4663,0.2764,0.2573,1.62,1.16,https://theopenmodel.com/match/everton-vs-crystal-palace-2026-08-22/
2026-08-22T14:00:00+00:00,premier-league,"Regular Season - 1","Ipswich","Sunderland",0.3721,0.2848,0.3431,1.42,1.36,https://theopenmodel.com/match/ipswich-vs-sunderland-2026-08-22/
2026-08-22T14:00:00+00:00,premier-league,"Regular Season - 1","Forest","Leeds",0.355,0.2849,0.3601,1.39,1.4,https://theopenmodel.com/match/forest-vs-leeds-2026-08-22/
2026-08-22T15:00:00+00:00,la-liga,"Regular Season - 2","Bilbao","Sevilla",0.328,0.2843,0.3877,1.33,1.46,https://theopenmodel.com/match/bilbao-vs-sevilla-2026-08-22/
2026-08-22T15:15:00+00:00,ligue-1,"Regular Season - 1","Lens","Auxerre",0.5888,0.2484,0.1627,1.88,0.9,https://theopenmodel.com/match/lens-vs-auxerre-2026-08-22/
2026-08-22T16:30:00+00:00,premier-league,"Regular Season - 1","Brentford","Tottenham",0.5566,0.2576,0.1859,1.81,0.97,https://theopenmodel.com/match/brentford-vs-tottenham-2026-08-22/
2026-08-22T16:30:00+00:00,serie-a,"Regular Season - 1","Udinese","Como",0.2701,0.2785,0.4514,1.19,1.59,https://theopenmodel.com/match/udinese-vs-como-2026-08-22/
2026-08-22T16:30:00+00:00,serie-a,"Regular Season - 1","Internazionale","Monza",0.7723,0.1727,0.0551,2.29,0.49,https://theopenmodel.com/match/internazionale-vs-monza-2026-08-22/
2026-08-22T17:30:00+00:00,la-liga,"Regular Season - 2","Valencia","Celta",0.4034,0.2834,0.3132,1.49,1.29,https://theopenmodel.com/match/valencia-vs-celta-2026-08-22/
2026-08-22T18:45:00+00:00,serie-a,"Regular Season - 1","Genoa","Napoli",0.1925,0.2599,0.5476,0.99,1.79,https://theopenmodel.com/match/genoa-vs-napoli-2026-08-22/
2026-08-22T18:45:00+00:00,serie-a,"Regular Season - 1","Parma","Cagliari",0.3148,0.2835,0.4017,1.3,1.49,https://theopenmodel.com/match/parma-vs-cagliari-2026-08-22/
2026-08-22T18:45:00+00:00,ligue-1,"Regular Season - 1","Nice","Lorient",0.3871,0.2843,0.3286,1.46,1.33,https://theopenmodel.com/match/nice-vs-lorient-2026-08-22/
2026-08-22T18:45:00+00:00,ligue-1,"Regular Season - 1","Toulouse","Lyon",0.2507,0.2752,0.4741,1.14,1.64,https://theopenmodel.com/match/toulouse-vs-lyon-2026-08-22/
2026-08-22T18:45:00+00:00,ligue-1,"Regular Season - 1","Troyes","Paris FC",0.2457,0.2742,0.4801,1.13,1.65,https://theopenmodel.com/match/troyes-vs-paris-fc-2026-08-22/
2026-08-22T18:45:00+00:00,ligue-1,"Regular Season - 1","Le Mans","Brest",0.3504,0.2849,0.3647,1.38,1.41,https://theopenmodel.com/match/le-mans-vs-brest-2026-08-22/
2026-08-22T19:30:00+00:00,la-liga,"Regular Season - 2","Espanyol","Real Madrid",0.1345,0.2347,0.6307,0.82,1.97,https://theopenmodel.com/match/espanyol-vs-real-madrid-2026-08-22/
2026-08-23T13:00:00+00:00,premier-league,"Regular Season - 1","Man City","Bournemouth",0.6614,0.2234,0.1152,2.03,0.75,https://theopenmodel.com/match/man-city-vs-bournemouth-2026-08-23/
2026-08-23T13:00:00+00:00,premier-league,"Regular Season - 1","Brighton","Aston Villa",0.4904,0.2724,0.2373,1.67,1.11,https://theopenmodel.com/match/brighton-vs-aston-villa-2026-08-23/
2026-08-23T13:00:00+00:00,ligue-1,"Regular Season - 1","Angers","Lille",0.2368,0.2723,0.491,1.11,1.67,https://theopenmodel.com/match/angers-vs-lille-2026-08-23/
2026-08-23T15:00:00+00:00,la-liga,"Regular Season - 2","Atlético","Villarreal",0.5542,0.2582,0.1876,1.81,0.98,https://theopenmodel.com/match/atletico-vs-villarreal-2026-08-23/
2026-08-23T15:15:00+00:00,ligue-1,"Regular Season - 1","Le Havre","Monaco",0.1557,0.2453,0.5989,0.88,1.9,https://theopenmodel.com/match/le-havre-vs-monaco-2026-08-23/
2026-08-23T15:30:00+00:00,premier-league,"Regular Season - 1","Newcastle","Liverpool",0.3358,0.2846,0.3796,1.34,1.44,https://theopenmodel.com/match/newcastle-vs-liverpool-2026-08-23/
2026-08-23T16:30:00+00:00,serie-a,"Regular Season - 1","Frosinone","Juventus",0.2784,0.2797,0.4418,1.21,1.57,https://theopenmodel.com/match/frosinone-vs-juventus-2026-08-23/
2026-08-23T16:30:00+00:00,serie-a,"Regular Season - 1","Venezia","Lecce",0.3964,0.2838,0.3198,1.48,1.31,https://theopenmodel.com/match/venezia-vs-lecce-2026-08-23/
2026-08-23T17:30:00+00:00,la-liga,"Regular Season - 2","Getafe","Santander",0.4329,0.2808,0.2863,1.55,1.23,https://theopenmodel.com/match/getafe-vs-santander-2026-08-23/
2026-08-23T18:45:00+00:00,serie-a,"Regular Season - 1","Atalanta","Sassuolo",0.5132,0.2679,0.2189,1.72,1.06,https://theopenmodel.com/match/atalanta-vs-sassuolo-2026-08-23/
2026-08-23T18:45:00+00:00,serie-a,"Regular Season - 1","Torino","Milan",0.227,0.27,0.503,1.08,1.7,https://theopenmodel.com/match/torino-vs-milan-2026-08-23/
2026-08-23T18:45:00+00:00,ligue-1,"Regular Season - 1","Rennes","Paris SG",0.2109,0.2656,0.5235,1.04,1.74,https://theopenmodel.com/match/rennes-vs-paris-sg-2026-08-23/
2026-08-23T19:30:00+00:00,la-liga,"Regular Season - 2","Elche","Barcelona",0.082,0.199,0.719,0.62,2.16,https://theopenmodel.com/match/elche-vs-barcelona-2026-08-23/
2026-08-24T16:30:00+00:00,serie-a,"Regular Season - 1","Bologna","Lazio",0.3148,0.2835,0.4017,1.3,1.49,https://theopenmodel.com/match/bologna-vs-lazio-2026-08-24/
2026-08-24T17:30:00+00:00,la-liga,"Regular Season - 2","Osasuna","Levante",0.414,0.2826,0.3034,1.51,1.27,https://theopenmodel.com/match/osasuna-vs-levante-2026-08-24/
2026-08-24T18:45:00+00:00,serie-a,"Regular Season - 1","Roma","Fiorentina",0.666,0.2216,0.1124,2.04,0.74,https://theopenmodel.com/match/roma-vs-fiorentina-2026-08-24/
2026-08-24T19:00:00+00:00,premier-league,"Regular Season - 1","Fulham","Chelsea",0.3105,0.2832,0.4064,1.29,1.5,https://theopenmodel.com/match/fulham-vs-chelsea-2026-08-24/
2026-08-24T19:30:00+00:00,la-liga,"Regular Season - 2","Malaga","Depor",0.3369,0.2846,0.3784,1.35,1.44,https://theopenmodel.com/match/malaga-vs-depor-2026-08-24/
2026-08-25T19:00:00+00:00,la-liga,"Regular Season - 1","Valencia","Betis",0.2879,0.281,0.4311,1.23,1.55,https://theopenmodel.com/match/valencia-vs-betis-2026-08-25/
2026-08-26T19:00:00+00:00,la-liga,"Regular Season - 1","Real Madrid","Real Sociedad",0.6614,0.2234,0.1152,2.03,0.75,https://theopenmodel.com/match/real-madrid-vs-real-sociedad-2026-08-26/
2026-08-27T18:30:00+00:00,la-liga,"Regular Season - 1","Celta","Osasuna",0.4472,0.2791,0.2737,1.58,1.2,https://theopenmodel.com/match/celta-vs-osasuna-2026-08-27/
2026-08-27T19:00:00+00:00,la-liga,"Regular Season - 1","Barcelona","Bilbao",0.8403,0.1332,0.0265,2.46,0.32,https://theopenmodel.com/match/barcelona-vs-bilbao-2026-08-27/
2026-08-28T17:00:00+00:00,la-liga,"Regular Season - 3","Santander","Elche",0.3779,0.2846,0.3375,1.44,1.35,https://theopenmodel.com/match/santander-vs-elche-2026-08-28/
2026-08-28T18:30:00+00:00,bundesliga,"Regular Season - 1","Bayern München","Stuttgart",0.7064,0.2047,0.0889,2.13,0.65,https://theopenmodel.com/match/bayern-munchen-vs-stuttgart-2026-08-28/
2026-08-28T18:45:00+00:00,serie-a,"Regular Season - 2","Milan","Venezia",0.6976,0.2086,0.0939,2.11,0.67,https://theopenmodel.com/match/milan-vs-venezia-2026-08-28/
2026-08-28T18:45:00+00:00,ligue-1,"Regular Season - 2","Lille","Paris SG",0.2477,0.2746,0.4777,1.14,1.65,https://theopenmodel.com/match/lille-vs-paris-sg-2026-08-28/
2026-08-28T19:00:00+00:00,premier-league,"Regular Season - 2","Crystal Palace","Man City",0.1549,0.2449,0.6001,0.88,1.9,https://theopenmodel.com/match/crystal-palace-vs-man-city-2026-08-28/
2026-08-28T19:30:00+00:00,la-liga,"Regular Season - 3","Alaves","Villarreal",0.3584,0.2849,0.3567,1.39,1.39,https://theopenmodel.com/match/alaves-vs-villarreal-2026-08-28/
2026-08-29T11:30:00+00:00,premier-league,"Regular Season - 2","Liverpool","Forest",0.5924,0.2473,0.1602,1.89,0.9,https://theopenmodel.com/match/liverpool-vs-forest-2026-08-29/
2026-08-29T13:30:00+00:00,bundesliga,"Regular Season - 1","Mainz","Paderborn",0.506,0.2694,0.2246,1.71,1.08,https://theopenmodel.com/match/mainz-vs-paderborn-2026-08-29/
2026-08-29T13:30:00+00:00,bundesliga,"Regular Season - 1","RB Leipzig","Gladbach",0.6161,0.2398,0.1442,1.94,0.85,https://theopenmodel.com/match/rb-leipzig-vs-gladbach-2026-08-29/
2026-08-29T13:30:00+00:00,bundesliga,"Regular Season - 1","Union Berlin","Frankfurt",0.3336,0.2845,0.3819,1.34,1.44,https://theopenmodel.com/match/union-berlin-vs-frankfurt-2026-08-29/
2026-08-29T13:30:00+00:00,bundesliga,"Regular Season - 1","Köln","Hoffenheim",0.3392,0.2847,0.3761,1.35,1.43,https://theopenmodel.com/match/koln-vs-hoffenheim-2026-08-29/
2026-08-29T13:30:00+00:00,bundesliga,"Regular Season - 1","Elversberg","Leverkusen",0.2261,0.2697,0.5042,1.08,1.7,https://theopenmodel.com/match/elversberg-vs-leverkusen-2026-08-29/
2026-08-29T14:00:00+00:00,premier-league,"Regular Season - 2","Bournemouth","Everton",0.4152,0.2825,0.3023,1.52,1.27,https://theopenmodel.com/match/bournemouth-vs-everton-2026-08-29/
2026-08-29T14:00:00+00:00,premier-league,"Regular Season - 2","Coventry","Hull",0.414,0.2826,0.3034,1.51,1.27,https://theopenmodel.com/match/coventry-vs-hull-2026-08-29/
2026-08-29T15:00:00+00:00,la-liga,"Regular Season - 3","Levante","Betis",0.268,0.2782,0.4538,1.19,1.6,https://theopenmodel.com/match/levante-vs-betis-2026-08-29/
2026-08-29T15:15:00+00:00,ligue-1,"Regular Season - 2","Strasbourg","Lens",0.371,0.2848,0.3442,1.42,1.36,https://theopenmodel.com/match/strasbourg-vs-lens-2026-08-29/
2026-08-29T16:30:00+00:00,premier-league,"Regular Season - 2","Tottenham","Newcastle",0.29,0.2812,0.4288,1.24,1.54,https://theopenmodel.com/match/tottenham-vs-newcastle-2026-08-29/
2026-08-29T16:30:00+00:00,serie-a,"Regular Season - 2","Sassuolo","Torino",0.4508,0.2786,0.2706,1.59,1.19,https://theopenmodel.com/match/sassuolo-vs-torino-2026-08-29/
2026-08-29T16:30:00+00:00,serie-a,"Regular Season - 2","Fiorentina","Frosinone",0.3584,0.2849,0.3567,1.39,1.39,https://theopenmodel.com/match/fiorentina-vs-frosinone-2026-08-29/
2026-08-29T16:30:00+00:00,serie-a,"Regular Season - 2","Monza","Udinese",0.355,0.2849,0.3601,1.39,1.4,https://theopenmodel.com/match/monza-vs-udinese-2026-08-29/
2026-08-29T16:30:00+00:00,bundesliga,"Regular Season - 1","Dortmund","Hamburg",0.7485,0.1849,0.0666,2.23,0.55,https://theopenmodel.com/match/dortmund-vs-hamburg-2026-08-29/
2026-08-29T17:00:00+00:00,la-liga,"Regular Season - 3","Real Sociedad","Espanyol",0.4988,0.2708,0.2304,1.69,1.09,https://theopenmodel.com/match/real-sociedad-vs-espanyol-2026-08-29/
2026-08-29T18:45:00+00:00,serie-a,"Regular Season - 2","Juventus","Parma",0.6683,0.2207,0.111,2.05,0.73,https://theopenmodel.com/match/juventus-vs-parma-2026-08-29/
2026-08-29T18:45:00+00:00,ligue-1,"Regular Season - 2","Lyon","Le Havre",0.6931,0.2105,0.0964,2.1,0.68,https://theopenmodel.com/match/lyon-vs-le-havre-2026-08-29/
2026-08-29T18:45:00+00:00,ligue-1,"Regular Season - 2","Lorient","Troyes",0.5229,0.2658,0.2114,1.74,1.04,https://theopenmodel.com/match/lorient-vs-troyes-2026-08-29/
2026-08-29T18:45:00+00:00,ligue-1,"Regular Season - 2","Brest","Toulouse",0.3999,0.2836,0.3165,1.48,1.3,https://theopenmodel.com/match/brest-vs-toulouse-2026-08-29/
2026-08-29T18:45:00+00:00,ligue-1,"Regular Season - 2","Auxerre","Angers",0.4187,0.2822,0.2991,1.52,1.26,https://theopenmodel.com/match/auxerre-vs-angers-2026-08-29/
2026-08-29T19:30:00+00:00,la-liga,"Regular Season - 3","Sevilla","Atlético",0.2497,0.275,0.4753,1.14,1.64,https://theopenmodel.com/match/sevilla-vs-atletico-2026-08-29/
2026-08-30T13:00:00+00:00,premier-league,"Regular Season - 2","Chelsea","Brighton",0.3504,0.2849,0.3647,1.38,1.41,https://theopenmodel.com/match/chelsea-vs-brighton-2026-08-30/
2026-08-30T13:00:00+00:00,premier-league,"Regular Season - 2","Leeds","Brentford",0.3687,0.2849,0.3465,1.42,1.37,https://theopenmodel.com/match/leeds-vs-brentford-2026-08-30/
2026-08-30T13:00:00+00:00,premier-league,"Regular Season - 2","Sunderland","Fulham",0.3584,0.2849,0.3567,1.39,1.39,https://theopenmodel.com/match/sunderland-vs-fulham-2026-08-30/
2026-08-30T13:00:00+00:00,ligue-1,"Regular Season - 2","Paris FC","Nice",0.5157,0.2673,0.217,1.73,1.06,https://theopenmodel.com/match/paris-fc-vs-nice-2026-08-30/
2026-08-30T13:30:00+00:00,bundesliga,"Regular Season - 1","Freiburg","Werder",0.5458,0.2603,0.1939,1.79,0.99,https://theopenmodel.com/match/freiburg-vs-werder-2026-08-30/
2026-08-30T15:00:00+00:00,la-liga,"Regular Season - 3","Real Madrid","Malaga",0.7962,0.1596,0.0442,2.35,0.43,https://theopenmodel.com/match/real-madrid-vs-malaga-2026-08-30/
2026-08-30T15:15:00+00:00,ligue-1,"Regular Season - 2","Rennes","Le Mans",0.59,0.2481,0.1619,1.88,0.9,https://theopenmodel.com/match/rennes-vs-le-mans-2026-08-30/
2026-08-30T15:30:00+00:00,premier-league,"Regular Season - 2","Man United","Ipswich",0.6066,0.2429,0.1505,1.92,0.87,https://theopenmodel.com/match/man-united-vs-ipswich-2026-08-30/
2026-08-30T15:30:00+00:00,bundesliga,"Regular Season - 1","Augsburg","Schalke",0.5446,0.2606,0.1948,1.79,1,https://theopenmodel.com/match/augsburg-vs-schalke-2026-08-30/
2026-08-30T16:30:00+00:00,serie-a,"Regular Season - 2","Napoli","Como",0.4353,0.2805,0.2842,1.56,1.22,https://theopenmodel.com/match/napoli-vs-como-2026-08-30/
2026-08-30T17:30:00+00:00,la-liga,"Regular Season - 3","Depor","Valencia",0.4011,0.2835,0.3154,1.49,1.3,https://theopenmodel.com/match/depor-vs-valencia-2026-08-30/
2026-08-30T18:45:00+00:00,serie-a,"Regular Season - 2","Lazio","Genoa",0.636,0.2329,0.1311,1.98,0.8,https://theopenmodel.com/match/lazio-vs-genoa-2026-08-30/
2026-08-30T18:45:00+00:00,serie-a,"Regular Season - 2","Cagliari","Internazionale",0.1793,0.2551,0.5656,0.95,1.83,https://theopenmodel.com/match/cagliari-vs-internazionale-2026-08-30/
2026-08-30T18:45:00+00:00,ligue-1,"Regular Season - 2","Monaco","Marseille",0.5277,0.2647,0.2076,1.75,1.03,https://theopenmodel.com/match/monaco-vs-marseille-2026-08-30/
2026-08-30T19:30:00+00:00,la-liga,"Regular Season - 3","Celta","Bilbao",0.4747,0.2751,0.2502,1.64,1.14,https://theopenmodel.com/match/celta-vs-bilbao-2026-08-30/
2026-08-31T16:30:00+00:00,serie-a,"Regular Season - 2","Lecce","Roma",0.1399,0.2376,0.6225,0.83,1.95,https://theopenmodel.com/match/lecce-vs-roma-2026-08-31/
2026-08-31T17:30:00+00:00,la-liga,"Regular Season - 3","Osasuna","Getafe",0.4306,0.281,0.2884,1.55,1.23,https://theopenmodel.com/match/osasuna-vs-getafe-2026-08-31/
2026-08-31T18:45:00+00:00,serie-a,"Regular Season - 2","Atalanta","Bologna",0.4892,0.2726,0.2383,1.67,1.11,https://theopenmodel.com/match/atalanta-vs-bologna-2026-08-31/
2026-08-31T19:00:00+00:00,premier-league,"Regular Season - 2","Aston Villa","Arsenal",0.2241,0.2692,0.5066,1.08,1.71,https://theopenmodel.com/match/aston-villa-vs-arsenal-2026-08-31/
2026-08-31T19:30:00+00:00,la-liga,"Regular Season - 3","Barcelona","Rayo Vallecano",0.7824,0.1672,0.0504,2.31,0.47,https://theopenmodel.com/match/barcelona-vs-rayo-vallecano-2026-08-31/
2026-09-03T18:45:00+00:00,ligue-1,"Regular Season - 3","Toulouse","Lille",0.2816,0.2802,0.4383,1.22,1.56,https://theopenmodel.com/match/toulouse-vs-lille-2026-09-03/
2026-09-03T19:00:00+00:00,la-liga,"Regular Season - 6","Real Sociedad","Celta",0.4604,0.2773,0.2624,1.61,1.17,https://theopenmodel.com/match/real-sociedad-vs-celta-2026-09-03/
2026-09-04T17:00:00+00:00,ligue-1,"Regular Season - 3","Lyon","Auxerre",0.6383,0.232,0.1297,1.98,0.8,https://theopenmodel.com/match/lyon-vs-auxerre-2026-09-04/
2026-09-04T18:30:00+00:00,bundesliga,"Regular Season - 2","Stuttgart","Köln",0.5888,0.2484,0.1627,1.88,0.9,https://theopenmodel.com/match/stuttgart-vs-koln-2026-09-04/
2026-09-04T18:45:00+00:00,serie-a,"Regular Season - 3","Genoa","Como",0.209,0.2651,0.5259,1.04,1.75,https://theopenmodel.com/match/genoa-vs-como-2026-09-04/
2026-09-04T19:00:00+00:00,premier-league,"Regular Season - 3","Ipswich","Liverpool",0.1607,0.2475,0.5918,0.9,1.88,https://theopenmodel.com/match/ipswich-vs-liverpool-2026-09-04/
2026-09-04T19:00:00+00:00,la-liga,"Regular Season - 4","Betis","Real Madrid",0.2547,0.2759,0.4693,1.15,1.63,https://theopenmodel.com/match/betis-vs-real-madrid-2026-09-04/
2026-09-04T19:05:00+00:00,ligue-1,"Regular Season - 3","Paris SG","Monaco",0.5397,0.2618,0.1984,1.78,1.01,https://theopenmodel.com/match/paris-sg-vs-monaco-2026-09-04/
2026-09-05T11:30:00+00:00,premier-league,"Regular Season - 3","Newcastle","Bournemouth",0.4496,0.2788,0.2716,1.59,1.19,https://theopenmodel.com/match/newcastle-vs-bournemouth-2026-09-05/
2026-09-05T13:00:00+00:00,serie-a,"Regular Season - 3","Fiorentina","Torino",0.4223,0.2818,0.2959,1.53,1.25,https://theopenmodel.com/match/fiorentina-vs-torino-2026-09-05/
2026-09-05T13:30:00+00:00,bundesliga,"Regular Season - 2","Werder","RB Leipzig",0.3029,0.2825,0.4146,1.27,1.51,https://theopenmodel.com/match/werder-vs-rb-leipzig-2026-09-05/
2026-09-05T13:30:00+00:00,bundesliga,"Regular Season - 2","Gladbach","Elversberg",0.3392,0.2847,0.3761,1.35,1.43,https://theopenmodel.com/match/gladbach-vs-elversberg-2026-09-05/
2026-09-05T13:30:00+00:00,bundesliga,"Regular Season - 2","Hoffenheim","Dortmund",0.1934,0.2602,0.5464,0.99,1.79,https://theopenmodel.com/match/hoffenheim-vs-dortmund-2026-09-05/
2026-09-05T13:30:00+00:00,bundesliga,"Regular Season - 2","Leverkusen","Union Berlin",0.6568,0.2252,0.118,2.02,0.76,https://theopenmodel.com/match/leverkusen-vs-union-berlin-2026-09-05/
2026-09-05T13:30:00+00:00,bundesliga,"Regular Season - 2","Paderborn","Freiburg",0.2537,0.2757,0.4705,1.15,1.63,https://theopenmodel.com/match/paderborn-vs-freiburg-2026-09-05/
2026-09-05T14:00:00+00:00,premier-league,"Regular Season - 3","Fulham","Crystal Palace",0.3918,0.2841,0.3242,1.47,1.32,https://theopenmodel.com/match/fulham-vs-crystal-palace-2026-09-05/
2026-09-05T14:00:00+00:00,premier-league,"Regular Season - 3","Man City","Coventry",0.8376,0.1349,0.0275,2.46,0.32,https://theopenmodel.com/match/man-city-vs-coventry-2026-09-05/
2026-09-05T14:00:00+00:00,premier-league,"Regular Season - 3","Brighton","Leeds",0.512,0.2681,0.2198,1.72,1.06,https://theopenmodel.com/match/brighton-vs-leeds-2026-09-05/
2026-09-05T14:00:00+00:00,premier-league,"Regular Season - 3","Brentford","Sunderland",0.5948,0.2466,0.1586,1.89,0.89,https://theopenmodel.com/match/brentford-vs-sunderland-2026-09-05/
2026-09-05T14:00:00+00:00,premier-league,"Regular Season - 3","Forest","Tottenham",0.4484,0.2789,0.2727,1.58,1.2,https://theopenmodel.com/match/forest-vs-tottenham-2026-09-05/
2026-09-05T14:15:00+00:00,la-liga,"Regular Season - 4","Bilbao","Atlético",0.1793,0.2551,0.5656,0.95,1.83,https://theopenmodel.com/match/bilbao-vs-atletico-2026-09-05/
2026-09-05T15:15:00+00:00,ligue-1,"Regular Season - 3","Lens","Lorient",0.5409,0.2615,0.1975,1.78,1,https://theopenmodel.com/match/lens-vs-lorient-2026-09-05/
2026-09-05T16:00:00+00:00,serie-a,"Regular Season - 3","Internazionale","Napoli",0.5482,0.2597,0.1921,1.79,0.99,https://theopenmodel.com/match/internazionale-vs-napoli-2026-09-05/
2026-09-05T16:30:00+00:00,premier-league,"Regular Season - 3","Hull","Aston Villa",0.2118,0.2659,0.5223,1.04,1.74,https://theopenmodel.com/match/hull-vs-aston-villa-2026-09-05/
2026-09-05T16:30:00+00:00,la-liga,"Regular Season - 4","Rayo Vallecano","Santander",0.4952,0.2715,0.2333,1.68,1.1,https://theopenmodel.com/match/rayo-vallecano-vs-santander-2026-09-05/
2026-09-05T16:30:00+00:00,bundesliga,"Regular Season - 2","Schalke","Bayern München",0.0548,0.1724,0.7728,0.49,2.29,https://theopenmodel.com/match/schalke-vs-bayern-munchen-2026-09-05/
2026-09-05T18:45:00+00:00,serie-a,"Regular Season - 3","Roma","Atalanta",0.5397,0.2618,0.1984,1.78,1.01,https://theopenmodel.com/match/roma-vs-atalanta-2026-09-05/
2026-09-05T18:45:00+00:00,ligue-1,"Regular Season - 3","Nice","Le Mans",0.4663,0.2764,0.2573,1.62,1.16,https://theopenmodel.com/match/nice-vs-le-mans-2026-09-05/
2026-09-05T18:45:00+00:00,ligue-1,"Regular Season - 3","Le Havre","Brest",0.3269,0.2842,0.3889,1.32,1.46,https://theopenmodel.com/match/le-havre-vs-brest-2026-09-05/
2026-09-05T19:00:00+00:00,la-liga,"Regular Season - 4","Villarreal","Depor",0.5048,0.2696,0.2256,1.7,1.08,https://theopenmodel.com/match/villarreal-vs-depor-2026-09-05/
2026-09-06T13:00:00+00:00,premier-league,"Regular Season - 3","Everton","Man United",0.3976,0.2837,0.3187,1.48,1.3,https://theopenmodel.com/match/everton-vs-man-united-2026-09-06/
2026-09-06T13:00:00+00:00,serie-a,"Regular Season - 3","Frosinone","Venezia",0.5614,0.2563,0.1823,1.82,0.96,https://theopenmodel.com/match/frosinone-vs-venezia-2026-09-06/
2026-09-06T13:00:00+00:00,serie-a,"Regular Season - 3","Parma","Monza",0.4128,0.2827,0.3045,1.51,1.27,https://theopenmodel.com/match/parma-vs-monza-2026-09-06/
2026-09-06T13:00:00+00:00,ligue-1,"Regular Season - 3","Troyes","Strasbourg",0.2387,0.2727,0.4886,1.11,1.67,https://theopenmodel.com/match/troyes-vs-strasbourg-2026-09-06/
2026-09-06T13:30:00+00:00,bundesliga,"Regular Season - 2","Hamburg","Mainz",0.29,0.2812,0.4288,1.24,1.54,https://theopenmodel.com/match/hamburg-vs-mainz-2026-09-06/
2026-09-06T14:15:00+00:00,la-liga,"Regular Season - 4","Valencia","Barcelona",0.0929,0.2078,0.6992,0.67,2.12,https://theopenmodel.com/match/valencia-vs-barcelona-2026-09-06/
2026-09-06T15:15:00+00:00,ligue-1,"Regular Season - 3","Angers","Rennes",0.2753,0.2793,0.4454,1.2,1.58,https://theopenmodel.com/match/angers-vs-rennes-2026-09-06/
2026-09-06T15:30:00+00:00,premier-league,"Regular Season - 3","Arsenal","Chelsea",0.6125,0.2409,0.1465,1.93,0.85,https://theopenmodel.com/match/arsenal-vs-chelsea-2026-09-06/
2026-09-06T15:30:00+00:00,bundesliga,"Regular Season - 2","Frankfurt","Augsburg",0.4046,0.2833,0.3121,1.49,1.29,https://theopenmodel.com/match/frankfurt-vs-augsburg-2026-09-06/
2026-09-06T16:00:00+00:00,serie-a,"Regular Season - 3","Bologna","Sassuolo",0.4377,0.2802,0.2821,1.56,1.22,https://theopenmodel.com/match/bologna-vs-sassuolo-2026-09-06/
2026-09-06T16:30:00+00:00,la-liga,"Regular Season - 4","Malaga","Levante",0.3459,0.2848,0.3692,1.36,1.42,https://theopenmodel.com/match/malaga-vs-levante-2026-09-06/
2026-09-06T16:30:00+00:00,la-liga,"Regular Season - 4","Alaves","Osasuna",0.4568,0.2778,0.2654,1.6,1.18,https://theopenmodel.com/match/alaves-vs-osasuna-2026-09-06/
2026-09-06T18:45:00+00:00,serie-a,"Regular Season - 3","Juventus","Milan",0.4187,0.2822,0.2991,1.52,1.26,https://theopenmodel.com/match/juventus-vs-milan-2026-09-06/
2026-09-06T18:45:00+00:00,ligue-1,"Regular Season - 3","Marseille","Paris FC",0.4223,0.2818,0.2959,1.53,1.25,https://theopenmodel.com/match/marseille-vs-paris-fc-2026-09-06/
2026-09-06T19:00:00+00:00,la-liga,"Regular Season - 4","Espanyol","Sevilla",0.3493,0.2849,0.3658,1.37,1.41,https://theopenmodel.com/match/espanyol-vs-sevilla-2026-09-06/
2026-09-07T16:30:00+00:00,serie-a,"Regular Season - 3","Cagliari","Lecce",0.5361,0.2627,0.2012,1.77,1.01,https://theopenmodel.com/match/cagliari-vs-lecce-2026-09-07/
2026-09-07T17:00:00+00:00,la-liga,"Regular Season - 4","Getafe","Celta",0.3652,0.2849,0.3499,1.41,1.37,https://theopenmodel.com/match/getafe-vs-celta-2026-09-07/
2026-09-07T18:45:00+00:00,serie-a,"Regular Season - 3","Udinese","Lazio",0.2753,0.2793,0.4454,1.2,1.58,https://theopenmodel.com/match/udinese-vs-lazio-2026-09-07/
2026-09-07T19:30:00+00:00,la-liga,"Regular Season - 4","Elche","Real Sociedad",0.3381,0.2847,0.3773,1.35,1.43,https://theopenmodel.com/match/elche-vs-real-sociedad-2026-09-07/
2026-09-11T18:30:00+00:00,bundesliga,"Regular Season - 3","Union Berlin","Schalke",0.4508,0.2786,0.2706,1.59,1.19,https://theopenmodel.com/match/union-berlin-vs-schalke-2026-09-11/
2026-09-11T18:45:00+00:00,serie-a,"Regular Season - 4","Venezia","Fiorentina",0.328,0.2843,0.3877,1.33,1.46,https://theopenmodel.com/match/venezia-vs-fiorentina-2026-09-11/
2026-09-11T18:45:00+00:00,ligue-1,"Regular Season - 4","Rennes","Marseille",0.427,0.2814,0.2916,1.54,1.24,https://theopenmodel.com/match/rennes-vs-marseille-2026-09-11/
2026-09-11T19:00:00+00:00,la-liga,"Regular Season - 5","Sevilla","Valencia",0.4532,0.2783,0.2685,1.6,1.19,https://theopenmodel.com/match/sevilla-vs-valencia-2026-09-11/
2026-09-12T12:00:00+00:00,la-liga,"Regular Season - 5","Santander","Alaves",0.3381,0.2847,0.3773,1.35,1.43,https://theopenmodel.com/match/santander-vs-alaves-2026-09-12/
2026-09-12T13:00:00+00:00,serie-a,"Regular Season - 4","Genoa","Frosinone",0.2975,0.282,0.4205,1.26,1.53,https://theopenmodel.com/match/genoa-vs-frosinone-2026-09-12/
2026-09-12T13:30:00+00:00,bundesliga,"Regular Season - 3","Freiburg","Gladbach",0.6301,0.2349,0.1349,1.97,0.82,https://theopenmodel.com/match/freiburg-vs-gladbach-2026-09-12/
2026-09-12T13:30:00+00:00,bundesliga,"Regular Season - 3","Mainz","Frankfurt",0.4246,0.2816,0.2938,1.54,1.25,https://theopenmodel.com/match/mainz-vs-frankfurt-2026-09-12/
2026-09-12T13:30:00+00:00,bundesliga,"Regular Season - 3","Dortmund","Paderborn",0.713,0.2017,0.0853,2.15,0.63,https://theopenmodel.com/match/dortmund-vs-paderborn-2026-09-12/
2026-09-12T13:30:00+00:00,bundesliga,"Regular Season - 3","Hoffenheim","Stuttgart",0.3214,0.2839,0.3947,1.31,1.47,https://theopenmodel.com/match/hoffenheim-vs-stuttgart-2026-09-12/
2026-09-12T13:30:00+00:00,bundesliga,"Regular Season - 3","Augsburg","Leverkusen",0.2732,0.279,0.4478,1.2,1.58,https://theopenmodel.com/match/augsburg-vs-leverkusen-2026-09-12/
2026-09-12T14:00:00+00:00,premier-league,"Regular Season - 4","Bournemouth","Brentford",0.3687,0.2849,0.3465,1.42,1.37,https://theopenmodel.com/match/bournemouth-vs-brentford-2026-09-12/
2026-09-12T14:00:00+00:00,premier-league,"Regular Season - 4","Liverpool","Fulham",0.6078,0.2425,0.1497,1.92,0.86,https://theopenmodel.com/match/liverpool-vs-fulham-2026-09-12/
2026-09-12T14:00:00+00:00,premier-league,"Regular Season - 4","Chelsea","Hull",0.6487,0.2282,0.123,2,0.78,https://theopenmodel.com/match/chelsea-vs-hull-2026-09-12/
2026-09-12T14:00:00+00:00,premier-league,"Regular Season - 4","Crystal Palace","Ipswich",0.5373,0.2624,0.2002,1.77,1.01,https://theopenmodel.com/match/crystal-palace-vs-ipswich-2026-09-12/
2026-09-12T14:00:00+00:00,premier-league,"Regular Season - 4","Aston Villa","Forest",0.4964,0.2712,0.2324,1.69,1.1,https://theopenmodel.com/match/aston-villa-vs-forest-2026-09-12/
2026-09-12T14:15:00+00:00,la-liga,"Regular Season - 5","Osasuna","Espanyol",0.4187,0.2822,0.2991,1.52,1.26,https://theopenmodel.com/match/osasuna-vs-espanyol-2026-09-12/
2026-09-12T15:15:00+00:00,ligue-1,"Regular Season - 4","Strasbourg","Monaco",0.3061,0.2828,0.4111,1.28,1.51,https://theopenmodel.com/match/strasbourg-vs-monaco-2026-09-12/
2026-09-12T16:00:00+00:00,serie-a,"Regular Season - 4","Lazio","Milan",0.3744,0.2847,0.3409,1.43,1.35,https://theopenmodel.com/match/lazio-vs-milan-2026-09-12/
2026-09-12T16:30:00+00:00,premier-league,"Regular Season - 4","Tottenham","Everton",0.3236,0.284,0.3923,1.32,1.47,https://theopenmodel.com/match/tottenham-vs-everton-2026-09-12/
2026-09-12T16:30:00+00:00,la-liga,"Regular Season - 5","Bilbao","Elche",0.386,0.2843,0.3297,1.45,1.33,https://theopenmodel.com/match/bilbao-vs-elche-2026-09-12/
2026-09-12T16:30:00+00:00,bundesliga,"Regular Season - 3","Köln","Werder",0.3516,0.2849,0.3635,1.38,1.4,https://theopenmodel.com/match/koln-vs-werder-2026-09-12/
2026-09-12T18:45:00+00:00,serie-a,"Regular Season - 4","Atalanta","Cagliari",0.4916,0.2721,0.2363,1.68,1.11,https://theopenmodel.com/match/atalanta-vs-cagliari-2026-09-12/
2026-09-12T18:45:00+00:00,ligue-1,"Regular Season - 4","Lorient","Toulouse",0.414,0.2826,0.3034,1.51,1.27,https://theopenmodel.com/match/lorient-vs-toulouse-2026-09-12/
2026-09-12T18:45:00+00:00,ligue-1,"Regular Season - 4","Auxerre","Nice",0.3941,0.2839,0.322,1.47,1.31,https://theopenmodel.com/match/auxerre-vs-nice-2026-09-12/
2026-09-12T18:45:00+00:00,ligue-1,"Regular Season - 4","Le Havre","Angers",0.3629,0.2849,0.3521,1.4,1.38,https://theopenmodel.com/match/le-havre-vs-angers-2026-09-12/
2026-09-12T18:45:00+00:00,ligue-1,"Regular Season - 4","Paris FC","Lyon",0.3159,0.2836,0.4005,1.3,1.48,https://theopenmodel.com/match/paris-fc-vs-lyon-2026-09-12/
2026-09-12T19:00:00+00:00,premier-league,"Regular Season - 4","Sunderland","Arsenal",0.1156,0.2236,0.6608,0.75,2.03,https://theopenmodel.com/match/sunderland-vs-arsenal-2026-09-12/
2026-09-12T19:00:00+00:00,la-liga,"Regular Season - 5","Real Madrid","Rayo Vallecano",0.6942,0.21,0.0958,2.1,0.68,https://theopenmodel.com/match/real-madrid-vs-rayo-vallecano-2026-09-12/
2026-09-13T12:00:00+00:00,la-liga,"Regular Season - 5","Celta","Malaga",0.5181,0.2668,0.2151,1.73,1.05,https://theopenmodel.com/match/celta-vs-malaga-2026-09-13/
2026-09-13T13:00:00+00:00,premier-league,"Regular Season - 4","Coventry","Brighton",0.1557,0.2453,0.5989,0.88,1.9,https://theopenmodel.com/match/coventry-vs-brighton-2026-09-13/
2026-09-13T13:00:00+00:00,serie-a,"Regular Season - 4","Lecce","Monza",0.3953,0.2839,0.3209,1.47,1.31,https://theopenmodel.com/match/lecce-vs-monza-2026-09-13/
2026-09-13T13:00:00+00:00,ligue-1,"Regular Season - 4","Lille","Troyes",0.6625,0.2229,0.1145,2.04,0.75,https://theopenmodel.com/match/lille-vs-troyes-2026-09-13/
2026-09-13T13:30:00+00:00,bundesliga,"Regular Season - 3","RB Leipzig","Hamburg",0.6125,0.2409,0.1465,1.93,0.85,https://theopenmodel.com/match/rb-leipzig-vs-hamburg-2026-09-13/
2026-09-13T14:15:00+00:00,la-liga,"Regular Season - 5","Levante","Barcelona",0.0814,0.1985,0.7201,0.62,2.16,https://theopenmodel.com/match/levante-vs-barcelona-2026-09-13/
2026-09-13T15:15:00+00:00,ligue-1,"Regular Season - 4","Le Mans","Lens",0.2261,0.2697,0.5042,1.08,1.7,https://theopenmodel.com/match/le-mans-vs-lens-2026-09-13/
2026-09-13T15:30:00+00:00,premier-league,"Regular Season - 4","Man United","Man City",0.2053,0.264,0.5307,1.03,1.76,https://theopenmodel.com/match/man-united-vs-man-city-2026-09-13/
2026-09-13T15:30:00+00:00,bundesliga,"Regular Season - 3","Elversberg","Bayern München",0.0886,0.2044,0.707,0.65,2.13,https://theopenmodel.com/match/elversberg-vs-bayern-munchen-2026-09-13/
2026-09-13T16:00:00+00:00,serie-a,"Regular Season - 4","Napoli","Bologna",0.5458,0.2603,0.1939,1.79,0.99,https://theopenmodel.com/match/napoli-vs-bologna-2026-09-13/
2026-09-13T16:30:00+00:00,la-liga,"Regular Season - 5","Getafe","Depor",0.3883,0.2842,0.3275,1.46,1.32,https://theopenmodel.com/match/getafe-vs-depor-2026-09-13/
2026-09-13T18:45:00+00:00,serie-a,"Regular Season - 4","Sassuolo","Juventus",0.2537,0.2757,0.4705,1.15,1.63,https://theopenmodel.com/match/sassuolo-vs-juventus-2026-09-13/
2026-09-13T18:45:00+00:00,ligue-1,"Regular Season - 4","Brest","Paris SG",0.133,0.2339,0.6331,0.81,1.97,https://theopenmodel.com/match/brest-vs-paris-sg-2026-09-13/
2026-09-13T19:00:00+00:00,la-liga,"Regular Season - 5","Real Sociedad","Atlético",0.2649,0.2777,0.4574,1.18,1.6,https://theopenmodel.com/match/real-sociedad-vs-atletico-2026-09-13/
2026-09-14T16:30:00+00:00,serie-a,"Regular Season - 4","Torino","Roma",0.1837,0.2568,0.5596,0.97,1.82,https://theopenmodel.com/match/torino-vs-roma-2026-09-14/
2026-09-14T16:30:00+00:00,serie-a,"Regular Season - 4","Como","Parma",0.6301,0.2349,0.1349,1.97,0.82,https://theopenmodel.com/match/como-vs-parma-2026-09-14/
2026-09-14T18:45:00+00:00,serie-a,"Regular Season - 4","Internazionale","Udinese",0.7185,0.1992,0.0823,2.16,0.62,https://theopenmodel.com/match/internazionale-vs-udinese-2026-09-14/
2026-09-14T19:00:00+00:00,premier-league,"Regular Season - 4","Leeds","Newcastle",0.379,0.2846,0.3364,1.44,1.34,https://theopenmodel.com/match/leeds-vs-newcastle-2026-09-14/
2026-09-14T19:00:00+00:00,la-liga,"Regular Season - 5","Villarreal","Betis",0.3595,0.2849,0.3555,1.4,1.39,https://theopenmodel.com/match/villarreal-vs-betis-2026-09-14/
2026-09-15T17:00:00+00:00,la-liga,"Regular Season - 6","Rayo Vallecano","Espanyol",0.4639,0.2768,0.2593,1.62,1.16,https://theopenmodel.com/match/rayo-vallecano-vs-espanyol-2026-09-15/
2026-09-15T18:00:00+00:00,la-liga,"Regular Season - 6","Alaves","Valencia",0.4341,0.2806,0.2853,1.56,1.23,https://theopenmodel.com/match/alaves-vs-valencia-2026-09-15/
2026-09-15T19:30:00+00:00,la-liga,"Regular Season - 6","Elche","Real Madrid",0.1383,0.2368,0.6249,0.83,1.95,https://theopenmodel.com/match/elche-vs-real-madrid-2026-09-15/
2026-09-16T17:00:00+00:00,la-liga,"Regular Season - 6","Atlético","Osasuna",0.6534,0.2265,0.1202,2.02,0.77,https://theopenmodel.com/match/atletico-vs-osasuna-2026-09-16/
2026-09-16T17:00:00+00:00,la-liga,"Regular Season - 6","Depor","Sevilla",0.3629,0.2849,0.3521,1.4,1.38,https://theopenmodel.com/match/depor-vs-sevilla-2026-09-16/
2026-09-16T19:30:00+00:00,la-liga,"Regular Season - 6","Barcelona","Santander",0.8462,0.1294,0.0243,2.48,0.3,https://theopenmodel.com/match/barcelona-vs-santander-2026-09-16/
2026-09-16T19:30:00+00:00,la-liga,"Regular Season - 6","Levante","Bilbao",0.4412,0.2798,0.2789,1.57,1.21,https://theopenmodel.com/match/levante-vs-bilbao-2026-09-16/
2026-09-17T17:00:00+00:00,la-liga,"Regular Season - 6","Betis","Getafe",0.5877,0.2488,0.1636,1.88,0.91,https://theopenmodel.com/match/betis-vs-getafe-2026-09-17/
2026-09-17T19:30:00+00:00,la-liga,"Regular Season - 6","Malaga","Villarreal",0.2557,0.2761,0.4681,1.16,1.63,https://theopenmodel.com/match/malaga-vs-villarreal-2026-09-17/
2026-09-18T18:30:00+00:00,bundesliga,"Regular Season - 4","Bayern München","Union Berlin",0.8367,0.1355,0.0278,2.46,0.33,https://theopenmodel.com/match/bayern-munchen-vs-union-berlin-2026-09-18/
2026-09-18T18:45:00+00:00,serie-a,"Regular Season - 5","Monza","Sassuolo",0.3358,0.2846,0.3796,1.34,1.44,https://theopenmodel.com/match/monza-vs-sassuolo-2026-09-18/
2026-09-18T18:45:00+00:00,ligue-1,"Regular Season - 5","Monaco","Lens",0.4831,0.2737,0.2432,1.66,1.12,https://theopenmodel.com/match/monaco-vs-lens-2026-09-18/
2026-09-18T19:00:00+00:00,premier-league,"Regular Season - 5","Brentford","Chelsea",0.4282,0.2813,0.2906,1.54,1.24,https://theopenmodel.com/match/brentford-vs-chelsea-2026-09-18/
2026-09-18T19:00:00+00:00,la-liga,"Regular Season - 7","Espanyol","Elche",0.4081,0.283,0.3088,1.5,1.28,https://theopenmodel.com/match/espanyol-vs-elche-2026-09-18/
2026-09-19T11:30:00+00:00,premier-league,"Regular Season - 5","Tottenham","Aston Villa",0.3029,0.2825,0.4146,1.27,1.51,https://theopenmodel.com/match/tottenham-vs-aston-villa-2026-09-19/
2026-09-19T12:00:00+00:00,la-liga,"Regular Season - 7","Osasuna","Rayo Vallecano",0.3698,0.2848,0.3454,1.42,1.36,https://theopenmodel.com/match/osasuna-vs-rayo-vallecano-2026-09-19/
2026-09-19T13:00:00+00:00,serie-a,"Regular Season - 5","Udinese","Cagliari",0.3733,0.2848,0.342,1.43,1.36,https://theopenmodel.com/match/udinese-vs-cagliari-2026-09-19/
2026-09-19T13:00:00+00:00,serie-a,"Regular Season - 5","Bologna","Torino",0.4747,0.2751,0.2502,1.64,1.14,https://theopenmodel.com/match/bologna-vs-torino-2026-09-19/
2026-09-19T13:30:00+00:00,bundesliga,"Regular Season - 4","Werder","Augsburg",0.3664,0.2849,0.3487,1.41,1.37,https://theopenmodel.com/match/werder-vs-augsburg-2026-09-19/
2026-09-19T13:30:00+00:00,bundesliga,"Regular Season - 4","Gladbach","Mainz",0.2868,0.2808,0.4323,1.23,1.55,https://theopenmodel.com/match/gladbach-vs-mainz-2026-09-19/
2026-09-19T13:30:00+00:00,bundesliga,"Regular Season - 4","Frankfurt","Freiburg",0.3258,0.2841,0.39,1.32,1.46,https://theopenmodel.com/match/frankfurt-vs-freiburg-2026-09-19/
2026-09-19T13:30:00+00:00,bundesliga,"Regular Season - 4","Hamburg","Köln",0.3976,0.2837,0.3187,1.48,1.3,https://theopenmodel.com/match/hamburg-vs-koln-2026-09-19/
2026-09-19T14:00:00+00:00,premier-league,"Regular Season - 5","Newcastle","Hull",0.6522,0.2269,0.1209,2.01,0.77,https://theopenmodel.com/match/newcastle-vs-hull-2026-09-19/
2026-09-19T14:00:00+00:00,premier-league,"Regular Season - 5","Everton","Ipswich",0.59,0.2481,0.1619,1.88,0.9,https://theopenmodel.com/match/everton-vs-ipswich-2026-09-19/
2026-09-19T14:00:00+00:00,premier-league,"Regular Season - 5","Brighton","Arsenal",0.289,0.2811,0.43,1.24,1.55,https://theopenmodel.com/match/brighton-vs-arsenal-2026-09-19/
2026-09-19T14:15:00+00:00,la-liga,"Regular Season - 7","Bilbao","Alaves",0.3459,0.2848,0.3692,1.36,1.42,https://theopenmodel.com/match/bilbao-vs-alaves-2026-09-19/
2026-09-19T15:15:00+00:00,ligue-1,"Regular Season - 5","Paris FC","Strasbourg",0.4058,0.2832,0.311,1.5,1.29,https://theopenmodel.com/match/paris-fc-vs-strasbourg-2026-09-19/
2026-09-19T16:00:00+00:00,serie-a,"Regular Season - 5","Roma","Internazionale",0.3516,0.2849,0.3635,1.38,1.4,https://theopenmodel.com/match/roma-vs-internazionale-2026-09-19/
2026-09-19T16:30:00+00:00,premier-league,"Regular Season - 5","Forest","Coventry",0.5566,0.2576,0.1859,1.81,0.97,https://theopenmodel.com/match/forest-vs-coventry-2026-09-19/
2026-09-19T16:30:00+00:00,la-liga,"Regular Season - 7","Celta","Santander",0.4831,0.2737,0.2432,1.66,1.12,https://theopenmodel.com/match/celta-vs-santander-2026-09-19/
2026-09-19T16:30:00+00:00,bundesliga,"Regular Season - 4","Stuttgart","Dortmund",0.2722,0.2788,0.449,1.2,1.59,https://theopenmodel.com/match/stuttgart-vs-dortmund-2026-09-19/
2026-09-19T18:45:00+00:00,serie-a,"Regular Season - 5","Venezia","Lazio",0.1953,0.2608,0.544,1,1.78,https://theopenmodel.com/match/venezia-vs-lazio-2026-09-19/
2026-09-19T18:45:00+00:00,ligue-1,"Regular Season - 5","Angers","Troyes",0.4699,0.2758,0.2542,1.63,1.15,https://theopenmodel.com/match/angers-vs-troyes-2026-09-19/
2026-09-19T18:45:00+00:00,ligue-1,"Regular Season - 5","Lyon","Rennes",0.4952,0.2715,0.2333,1.68,1.1,https://theopenmodel.com/match/lyon-vs-rennes-2026-09-19/
2026-09-19T18:45:00+00:00,ligue-1,"Regular Season - 5","Toulouse","Le Havre",0.5193,0.2666,0.2142,1.73,1.05,https://theopenmodel.com/match/toulouse-vs-le-havre-2026-09-19/
2026-09-19T18:45:00+00:00,ligue-1,"Regular Season - 5","Le Mans","Lorient",0.3369,0.2846,0.3784,1.35,1.44,https://theopenmodel.com/match/le-mans-vs-lorient-2026-09-19/
2026-09-19T19:00:00+00:00,la-liga,"Regular Season - 7","Sevilla","Barcelona",0.1149,0.2232,0.662,0.75,2.03,https://theopenmodel.com/match/sevilla-vs-barcelona-2026-09-19/
2026-09-20T10:30:00+00:00,serie-a,"Regular Season - 5","Fiorentina","Napoli",0.2447,0.274,0.4813,1.13,1.65,https://theopenmodel.com/match/fiorentina-vs-napoli-2026-09-20/
2026-09-20T12:00:00+00:00,la-liga,"Regular Season - 7","Getafe","Malaga",0.4675,0.2762,0.2562,1.63,1.16,https://theopenmodel.com/match/getafe-vs-malaga-2026-09-20/
2026-09-20T13:00:00+00:00,premier-league,"Regular Season - 5","Bournemouth","Liverpool",0.3029,0.2825,0.4146,1.27,1.51,https://theopenmodel.com/match/bournemouth-vs-liverpool-2026-09-20/
2026-09-20T13:00:00+00:00,premier-league,"Regular Season - 5","Man City","Sunderland",0.7824,0.1672,0.0504,2.31,0.47,https://theopenmodel.com/match/man-city-vs-sunderland-2026-09-20/
2026-09-20T13:00:00+00:00,premier-league,"Regular Season - 5","Leeds","Crystal Palace",0.4675,0.2762,0.2562,1.63,1.16,https://theopenmodel.com/match/leeds-vs-crystal-palace-2026-09-20/
2026-09-20T13:00:00+00:00,serie-a,"Regular Season - 5","Frosinone","Como",0.3137,0.2834,0.4029,1.29,1.49,https://theopenmodel.com/match/frosinone-vs-como-2026-09-20/
2026-09-20T13:00:00+00:00,serie-a,"Regular Season - 5","Parma","Genoa",0.4258,0.2815,0.2927,1.54,1.24,https://theopenmodel.com/match/parma-vs-genoa-2026-09-20/
2026-09-20T13:00:00+00:00,ligue-1,"Regular Season - 5","Auxerre","Brest",0.3813,0.2845,0.3342,1.44,1.34,https://theopenmodel.com/match/auxerre-vs-brest-2026-09-20/
2026-09-20T13:30:00+00:00,bundesliga,"Regular Season - 4","Leverkusen","RB Leipzig",0.4964,0.2712,0.2324,1.69,1.1,https://theopenmodel.com/match/leverkusen-vs-rb-leipzig-2026-09-20/
2026-09-20T14:15:00+00:00,la-liga,"Regular Season - 7","Atlético","Real Madrid",0.3292,0.2843,0.3865,1.33,1.45,https://theopenmodel.com/match/atletico-vs-real-madrid-2026-09-20/
2026-09-20T15:15:00+00:00,ligue-1,"Regular Season - 5","Nice","Lille",0.2578,0.2765,0.4657,1.16,1.62,https://theopenmodel.com/match/nice-vs-lille-2026-09-20/
2026-09-20T15:30:00+00:00,premier-league,"Regular Season - 5","Fulham","Man United",0.3258,0.2841,0.39,1.32,1.46,https://theopenmodel.com/match/fulham-vs-man-united-2026-09-20/
2026-09-20T15:30:00+00:00,bundesliga,"Regular Season - 4","Schalke","Elversberg",0.3425,0.2848,0.3727,1.36,1.42,https://theopenmodel.com/match/schalke-vs-elversberg-2026-09-20/
2026-09-20T16:00:00+00:00,serie-a,"Regular Season - 5","Juventus","Atalanta",0.488,0.2728,0.2392,1.67,1.11,https://theopenmodel.com/match/juventus-vs-atalanta-2026-09-20/
2026-09-20T16:30:00+00:00,la-liga,"Regular Season - 7","Villarreal","Levante",0.5145,0.2676,0.2179,1.72,1.06,https://theopenmodel.com/match/villarreal-vs-levante-2026-09-20/
2026-09-20T16:30:00+00:00,la-liga,"Regular Season - 7","Depor","Betis",0.2763,0.2794,0.4442,1.21,1.58,https://theopenmodel.com/match/depor-vs-betis-2026-09-20/
2026-09-20T17:30:00+00:00,bundesliga,"Regular Season - 4","Paderborn","Hoffenheim",0.3607,0.2849,0.3544,1.4,1.38,https://theopenmodel.com/match/paderborn-vs-hoffenheim-2026-09-20/
2026-09-20T18:45:00+00:00,serie-a,"Regular Season - 5","Milan","Lecce",0.6807,0.2156,0.1036,2.08,0.71,https://theopenmodel.com/match/milan-vs-lecce-2026-09-20/
2026-09-20T18:45:00+00:00,ligue-1,"Regular Season - 5","Marseille","Paris SG",0.2007,0.2626,0.5367,1.01,1.77,https://theopenmodel.com/match/marseille-vs-paris-sg-2026-09-20/
2026-09-20T19:00:00+00:00,la-liga,"Regular Season - 7","Valencia","Real Sociedad",0.3584,0.2849,0.3567,1.39,1.39,https://theopenmodel.com/match/valencia-vs-real-sociedad-2026-09-20/
2026-10-09T18:30:00+00:00,bundesliga,"Regular Season - 5","Dortmund","Werder",0.6739,0.2184,0.1076,2.06,0.72,https://theopenmodel.com/match/dortmund-vs-werder-2026-10-09/
2026-10-09T18:45:00+00:00,ligue-1,"Regular Season - 6","Lens","Lyon",0.3652,0.2849,0.3499,1.41,1.37,https://theopenmodel.com/match/lens-vs-lyon-2026-10-09/
2026-10-09T19:00:00+00:00,la-liga,"Regular Season - 8","Malaga","Espanyol",0.3504,0.2849,0.3647,1.38,1.41,https://theopenmodel.com/match/malaga-vs-espanyol-2026-10-09/
2026-10-10T11:30:00+00:00,premier-league,"Regular Season - 6","Arsenal","Leeds",0.6441,0.2299,0.126,2,0.79,https://theopenmodel.com/match/arsenal-vs-leeds-2026-10-10/
2026-10-10T12:00:00+00:00,la-liga,"Regular Season - 8","Rayo Vallecano","Bilbao",0.4868,0.273,0.2402,1.67,1.12,https://theopenmodel.com/match/rayo-vallecano-vs-bilbao-2026-10-10/
2026-10-10T13:00:00+00:00,serie-a,"Regular Season - 6","Genoa","Fiorentina",0.3504,0.2849,0.3647,1.38,1.41,https://theopenmodel.com/match/genoa-vs-fiorentina-2026-10-10/
2026-10-10T13:30:00+00:00,bundesliga,"Regular Season - 5","Mainz","Leverkusen",0.2742,0.2792,0.4466,1.2,1.58,https://theopenmodel.com/match/mainz-vs-leverkusen-2026-10-10/
2026-10-10T13:30:00+00:00,bundesliga,"Regular Season - 5","Hoffenheim","Hamburg",0.5084,0.2689,0.2227,1.71,1.07,https://theopenmodel.com/match/hoffenheim-vs-hamburg-2026-10-10/
2026-10-10T13:30:00+00:00,bundesliga,"Regular Season - 5","Augsburg","Bayern München",0.1198,0.2263,0.6539,0.77,2.02,https://theopenmodel.com/match/augsburg-vs-bayern-munchen-2026-10-10/
2026-10-10T13:30:00+00:00,bundesliga,"Regular Season - 5","Union Berlin","Elversberg",0.3779,0.2846,0.3375,1.44,1.35,https://theopenmodel.com/match/union-berlin-vs-elversberg-2026-10-10/
2026-10-10T13:30:00+00:00,bundesliga,"Regular Season - 5","Paderborn","Stuttgart",0.2722,0.2788,0.449,1.2,1.59,https://theopenmodel.com/match/paderborn-vs-stuttgart-2026-10-10/
2026-10-10T14:00:00+00:00,premier-league,"Regular Season - 6","Chelsea","Bournemouth",0.446,0.2792,0.2748,1.58,1.2,https://theopenmodel.com/match/chelsea-vs-bournemouth-2026-10-10/
2026-10-10T14:00:00+00:00,premier-league,"Regular Season - 6","Ipswich","Fulham",0.3181,0.2837,0.3982,1.3,1.48,https://theopenmodel.com/match/ipswich-vs-fulham-2026-10-10/
2026-10-10T14:00:00+00:00,premier-league,"Regular Season - 6","Aston Villa","Brentford",0.3894,0.2842,0.3264,1.46,1.32,https://theopenmodel.com/match/aston-villa-vs-brentford-2026-10-10/
2026-10-10T14:00:00+00:00,premier-league,"Regular Season - 6","Sunderland","Brighton",0.2062,0.2643,0.5295,1.03,1.75,https://theopenmodel.com/match/sunderland-vs-brighton-2026-10-10/
2026-10-10T14:15:00+00:00,la-liga,"Regular Season - 8","Alaves","Atlético",0.2338,0.2716,0.4946,1.1,1.68,https://theopenmodel.com/match/alaves-vs-atletico-2026-10-10/
2026-10-10T15:15:00+00:00,ligue-1,"Regular Season - 6","Lille","Le Havre",0.6591,0.2243,0.1166,2.03,0.75,https://theopenmodel.com/match/lille-vs-le-havre-2026-10-10/
2026-10-10T16:00:00+00:00,serie-a,"Regular Season - 6","Internazionale","Parma",0.7733,0.1721,0.0546,2.29,0.49,https://theopenmodel.com/match/internazionale-vs-parma-2026-10-10/
2026-10-10T16:30:00+00:00,premier-league,"Regular Season - 6","Man United","Tottenham",0.5253,0.2652,0.2095,1.75,1.04,https://theopenmodel.com/match/man-united-vs-tottenham-2026-10-10/
2026-10-10T16:30:00+00:00,la-liga,"Regular Season - 8","Barcelona","Getafe",0.8322,0.1383,0.0295,2.44,0.34,https://theopenmodel.com/match/barcelona-vs-getafe-2026-10-10/
2026-10-10T16:30:00+00:00,bundesliga,"Regular Season - 5","RB Leipzig","Frankfurt",0.4916,0.2721,0.2363,1.68,1.11,https://theopenmodel.com/match/rb-leipzig-vs-frankfurt-2026-10-10/
2026-10-10T18:45:00+00:00,serie-a,"Regular Season - 6","Napoli","Frosinone",0.5409,0.2615,0.1975,1.78,1,https://theopenmodel.com/match/napoli-vs-frosinone-2026-10-10/
2026-10-10T18:45:00+00:00,ligue-1,"Regular Season - 6","Paris SG","Le Mans",0.7982,0.1585,0.0433,2.35,0.43,https://theopenmodel.com/match/paris-sg-vs-le-mans-2026-10-10/
2026-10-10T18:45:00+00:00,ligue-1,"Regular Season - 6","Monaco","Toulouse",0.6102,0.2417,0.1481,1.92,0.86,https://theopenmodel.com/match/monaco-vs-toulouse-2026-10-10/
2026-10-10T18:45:00+00:00,ligue-1,"Regular Season - 6","Lorient","Paris FC",0.3425,0.2848,0.3727,1.36,1.42,https://theopenmodel.com/match/lorient-vs-paris-fc-2026-10-10/
2026-10-10T18:45:00+00:00,ligue-1,"Regular Season - 6","Brest","Angers",0.452,0.2785,0.2696,1.59,1.19,https://theopenmodel.com/match/brest-vs-angers-2026-10-10/
2026-10-10T19:00:00+00:00,la-liga,"Regular Season - 8","Real Madrid","Villarreal",0.6418,0.2308,0.1274,1.99,0.79,https://theopenmodel.com/match/real-madrid-vs-villarreal-2026-10-10/
2026-10-11T10:30:00+00:00,serie-a,"Regular Season - 6","Como","Roma",0.3269,0.2842,0.3889,1.32,1.46,https://theopenmodel.com/match/como-vs-roma-2026-10-11/
2026-10-11T12:00:00+00:00,la-liga,"Regular Season - 8","Elche","Celta",0.3825,0.2845,0.333,1.45,1.34,https://theopenmodel.com/match/elche-vs-celta-2026-10-11/
2026-10-11T13:00:00+00:00,premier-league,"Regular Season - 6","Crystal Palace","Forest",0.4211,0.282,0.297,1.53,1.25,https://theopenmodel.com/match/crystal-palace-vs-forest-2026-10-11/
2026-10-11T13:00:00+00:00,premier-league,"Regular Season - 6","Hull","Everton",0.2299,0.2707,0.4994,1.09,1.69,https://theopenmodel.com/match/hull-vs-everton-2026-10-11/
2026-10-11T13:00:00+00:00,serie-a,"Regular Season - 6","Lazio","Monza",0.6231,0.2374,0.1395,1.95,0.83,https://theopenmodel.com/match/lazio-vs-monza-2026-10-11/
2026-10-11T13:00:00+00:00,serie-a,"Regular Season - 6","Lecce","Bologna",0.2964,0.2819,0.4217,1.25,1.53,https://theopenmodel.com/match/lecce-vs-bologna-2026-10-11/
2026-10-11T13:00:00+00:00,ligue-1,"Regular Season - 6","Nice","Strasbourg",0.3094,0.2831,0.4075,1.28,1.5,https://theopenmodel.com/match/nice-vs-strasbourg-2026-10-11/
2026-10-11T13:30:00+00:00,bundesliga,"Regular Season - 5","Köln","Gladbach",0.4341,0.2806,0.2853,1.56,1.23,https://theopenmodel.com/match/koln-vs-gladbach-2026-10-11/
2026-10-11T14:15:00+00:00,la-liga,"Regular Season - 8","Real Sociedad","Depor",0.4844,0.2734,0.2422,1.66,1.12,https://theopenmodel.com/match/real-sociedad-vs-depor-2026-10-11/
2026-10-11T15:15:00+00:00,ligue-1,"Regular Season - 6","Rennes","Auxerre",0.5578,0.2572,0.185,1.81,0.97,https://theopenmodel.com/match/rennes-vs-auxerre-2026-10-11/
2026-10-11T15:30:00+00:00,premier-league,"Regular Season - 6","Liverpool","Man City",0.29,0.2812,0.4288,1.24,1.54,https://theopenmodel.com/match/liverpool-vs-man-city-2026-10-11/
2026-10-11T15:30:00+00:00,bundesliga,"Regular Season - 5","Freiburg","Schalke",0.6266,0.2362,0.1372,1.96,0.82,https://theopenmodel.com/match/freiburg-vs-schalke-2026-10-11/
2026-10-11T16:00:00+00:00,serie-a,"Regular Season - 6","Sassuolo","Milan",0.2578,0.2765,0.4657,1.16,1.62,https://theopenmodel.com/match/sassuolo-vs-milan-2026-10-11/
2026-10-11T16:30:00+00:00,la-liga,"Regular Season - 8","Betis","Osasuna",0.5709,0.2536,0.1754,1.84,0.94,https://theopenmodel.com/match/betis-vs-osasuna-2026-10-11/
2026-10-11T18:45:00+00:00,serie-a,"Regular Season - 6","Cagliari","Juventus",0.2722,0.2788,0.449,1.2,1.59,https://theopenmodel.com/match/cagliari-vs-juventus-2026-10-11/
2026-10-11T18:45:00+00:00,ligue-1,"Regular Season - 6","Troyes","Marseille",0.2387,0.2727,0.4886,1.11,1.67,https://theopenmodel.com/match/troyes-vs-marseille-2026-10-11/
2026-10-11T19:00:00+00:00,la-liga,"Regular Season - 8","Santander","Valencia",0.3572,0.285,0.3578,1.39,1.39,https://theopenmodel.com/match/santander-vs-valencia-2026-10-11/
2026-10-12T16:30:00+00:00,serie-a,"Regular Season - 6","Atalanta","Venezia",0.6313,0.2345,0.1342,1.97,0.81,https://theopenmodel.com/match/atalanta-vs-venezia-2026-10-12/
2026-10-12T18:45:00+00:00,serie-a,"Regular Season - 6","Torino","Udinese",0.3976,0.2837,0.3187,1.48,1.3,https://theopenmodel.com/match/torino-vs-udinese-2026-10-12/
2026-10-12T19:00:00+00:00,premier-league,"Regular Season - 6","Coventry","Newcastle",0.2007,0.2626,0.5367,1.01,1.77,https://theopenmodel.com/match/coventry-vs-newcastle-2026-10-12/
2026-10-12T19:00:00+00:00,la-liga,"Regular Season - 8","Levante","Sevilla",0.3538,0.2849,0.3612,1.38,1.4,https://theopenmodel.com/match/levante-vs-sevilla-2026-10-12/
2026-10-16T18:30:00+00:00,bundesliga,"Regular Season - 6","Frankfurt","Köln",0.5181,0.2668,0.2151,1.73,1.05,https://theopenmodel.com/match/frankfurt-vs-koln-2026-10-16/
2026-10-16T18:45:00+00:00,serie-a,"Regular Season - 7","Frosinone","Sassuolo",0.4424,0.2797,0.2779,1.57,1.21,https://theopenmodel.com/match/frosinone-vs-sassuolo-2026-10-16/
2026-10-16T18:45:00+00:00,ligue-1,"Regular Season - 7","Le Mans","Toulouse",0.3369,0.2846,0.3784,1.35,1.44,https://theopenmodel.com/match/le-mans-vs-toulouse-2026-10-16/
2026-10-16T19:00:00+00:00,la-liga,"Regular Season - 9","Depor","Levante",0.4235,0.2817,0.2948,1.53,1.25,https://theopenmodel.com/match/depor-vs-levante-2026-10-16/
2026-10-17T11:30:00+00:00,premier-league,"Regular Season - 7","Everton","Chelsea",0.3813,0.2845,0.3342,1.44,1.34,https://theopenmodel.com/match/everton-vs-chelsea-2026-10-17/
2026-10-17T12:00:00+00:00,la-liga,"Regular Season - 9","Espanyol","Atlético",0.1962,0.2611,0.5428,1,1.78,https://theopenmodel.com/match/espanyol-vs-atletico-2026-10-17/
2026-10-17T13:00:00+00:00,serie-a,"Regular Season - 7","Venezia","Napoli",0.175,0.2535,0.5715,0.94,1.84,https://theopenmodel.com/match/venezia-vs-napoli-2026-10-17/
2026-10-17T13:30:00+00:00,bundesliga,"Regular Season - 6","Werder","Paderborn",0.4556,0.278,0.2665,1.6,1.18,https://theopenmodel.com/match/werder-vs-paderborn-2026-10-17/
2026-10-17T13:30:00+00:00,bundesliga,"Regular Season - 6","Schalke","Mainz",0.29,0.2812,0.4288,1.24,1.54,https://theopenmodel.com/match/schalke-vs-mainz-2026-10-17/
2026-10-17T13:30:00+00:00,bundesliga,"Regular Season - 6","Hamburg","Stuttgart",0.2387,0.2727,0.4886,1.11,1.67,https://theopenmodel.com/match/hamburg-vs-stuttgart-2026-10-17/
2026-10-17T13:30:00+00:00,bundesliga,"Regular Season - 6","Union Berlin","Dortmund",0.1525,0.2438,0.6037,0.87,1.91,https://theopenmodel.com/match/union-berlin-vs-dortmund-2026-10-17/
2026-10-17T13:30:00+00:00,bundesliga,"Regular Season - 6","Elversberg","Augsburg",0.3595,0.2849,0.3555,1.4,1.39,https://theopenmodel.com/match/elversberg-vs-augsburg-2026-10-17/
2026-10-17T14:00:00+00:00,premier-league,"Regular Season - 7","Fulham","Hull",0.5409,0.2615,0.1975,1.78,1,https://theopenmodel.com/match/fulham-vs-hull-2026-10-17/
2026-10-17T14:00:00+00:00,premier-league,"Regular Season - 7","Man City","Ipswich",0.8174,0.1473,0.0353,2.4,0.38,https://theopenmodel.com/match/man-city-vs-ipswich-2026-10-17/
2026-10-17T14:00:00+00:00,premier-league,"Regular Season - 7","Brentford","Liverpool",0.3459,0.2848,0.3692,1.36,1.42,https://theopenmodel.com/match/brentford-vs-liverpool-2026-10-17/
2026-10-17T14:15:00+00:00,la-liga,"Regular Season - 9","Villarreal","Elche",0.5132,0.2679,0.2189,1.72,1.06,https://theopenmodel.com/match/villarreal-vs-elche-2026-10-17/
2026-10-17T15:15:00+00:00,ligue-1,"Regular Season - 7","Strasbourg","Paris SG",0.2007,0.2626,0.5367,1.01,1.77,https://theopenmodel.com/match/strasbourg-vs-paris-sg-2026-10-17/
2026-10-17T16:00:00+00:00,serie-a,"Regular Season - 7","Bologna","Internazionale",0.181,0.2558,0.5632,0.96,1.82,https://theopenmodel.com/match/bologna-vs-internazionale-2026-10-17/
2026-10-17T16:30:00+00:00,premier-league,"Regular Season - 7","Newcastle","Aston Villa",0.4282,0.2813,0.2906,1.54,1.24,https://theopenmodel.com/match/newcastle-vs-aston-villa-2026-10-17/
2026-10-17T16:30:00+00:00,la-liga,"Regular Season - 9","Betis","Barcelona",0.1767,0.2541,0.5692,0.95,1.84,https://theopenmodel.com/match/betis-vs-barcelona-2026-10-17/
2026-10-17T16:30:00+00:00,bundesliga,"Regular Season - 6","Bayern München","RB Leipzig",0.6998,0.2076,0.0926,2.12,0.66,https://theopenmodel.com/match/bayern-munchen-vs-rb-leipzig-2026-10-17/
2026-10-17T18:45:00+00:00,serie-a,"Regular Season - 7","Roma","Genoa",0.7272,0.1952,0.0776,2.18,0.6,https://theopenmodel.com/match/roma-vs-genoa-2026-10-17/
2026-10-17T18:45:00+00:00,ligue-1,"Regular Season - 7","Lille","Brest",0.5698,0.254,0.1763,1.84,0.94,https://theopenmodel.com/match/lille-vs-brest-2026-10-17/
2026-10-17T18:45:00+00:00,ligue-1,"Regular Season - 7","Troyes","Lens",0.2035,0.2634,0.5331,1.02,1.76,https://theopenmodel.com/match/troyes-vs-lens-2026-10-17/
2026-10-17T19:00:00+00:00,la-liga,"Regular Season - 9","Valencia","Bilbao",0.4639,0.2768,0.2593,1.62,1.16,https://theopenmodel.com/match/valencia-vs-bilbao-2026-10-17/
2026-10-18T10:30:00+00:00,serie-a,"Regular Season - 7","Udinese","Lecce",0.494,0.2717,0.2343,1.68,1.1,https://theopenmodel.com/match/udinese-vs-lecce-2026-10-18/
2026-10-18T12:00:00+00:00,la-liga,"Regular Season - 9","Osasuna","Santander",0.4496,0.2788,0.2716,1.59,1.19,https://theopenmodel.com/match/osasuna-vs-santander-2026-10-18/
2026-10-18T13:00:00+00:00,premier-league,"Regular Season - 7","Bournemouth","Sunderland",0.5482,0.2597,0.1921,1.79,0.99,https://theopenmodel.com/match/bournemouth-vs-sunderland-2026-10-18/
2026-10-18T13:00:00+00:00,premier-league,"Regular Season - 7","Brighton","Crystal Palace",0.5662,0.255,0.1789,1.83,0.95,https://theopenmodel.com/match/brighton-vs-crystal-palace-2026-10-18/
2026-10-18T13:00:00+00:00,premier-league,"Regular Season - 7","Leeds","Man United",0.3988,0.2837,0.3176,1.48,1.3,https://theopenmodel.com/match/leeds-vs-man-united-2026-10-18/
2026-10-18T13:00:00+00:00,serie-a,"Regular Season - 7","Fiorentina","Como",0.2629,0.2774,0.4598,1.17,1.61,https://theopenmodel.com/match/fiorentina-vs-como-2026-10-18/
2026-10-18T13:00:00+00:00,ligue-1,"Regular Season - 7","Angers","Marseille",0.2868,0.2808,0.4323,1.23,1.55,https://theopenmodel.com/match/angers-vs-marseille-2026-10-18/
2026-10-18T13:30:00+00:00,bundesliga,"Regular Season - 6","Leverkusen","Freiburg",0.4819,0.2739,0.2442,1.66,1.13,https://theopenmodel.com/match/leverkusen-vs-freiburg-2026-10-18/
2026-10-18T14:15:00+00:00,la-liga,"Regular Season - 9","Celta","Alaves",0.4046,0.2833,0.3121,1.49,1.29,https://theopenmodel.com/match/celta-vs-alaves-2026-10-18/
2026-10-18T15:15:00+00:00,ligue-1,"Regular Season - 7","Lorient","Monaco",0.2348,0.2718,0.4934,1.1,1.68,https://theopenmodel.com/match/lorient-vs-monaco-2026-10-18/
2026-10-18T15:15:00+00:00,ligue-1,"Regular Season - 7","Le Havre","Auxerre",0.3584,0.2849,0.3567,1.39,1.39,https://theopenmodel.com/match/le-havre-vs-auxerre-2026-10-18/
2026-10-18T15:15:00+00:00,ligue-1,"Regular Season - 7","Paris FC","Rennes",0.3929,0.284,0.3231,1.47,1.31,https://theopenmodel.com/match/paris-fc-vs-rennes-2026-10-18/
2026-10-18T15:30:00+00:00,premier-league,"Regular Season - 7","Forest","Arsenal",0.1623,0.2482,0.5894,0.9,1.88,https://theopenmodel.com/match/forest-vs-arsenal-2026-10-18/
2026-10-18T15:30:00+00:00,bundesliga,"Regular Season - 6","Gladbach","Hoffenheim",0.3203,0.2838,0.3958,1.31,1.47,https://theopenmodel.com/match/gladbach-vs-hoffenheim-2026-10-18/
2026-10-18T16:00:00+00:00,serie-a,"Regular Season - 7","Milan","Atalanta",0.4831,0.2737,0.2432,1.66,1.12,https://theopenmodel.com/match/milan-vs-atalanta-2026-10-18/
2026-10-18T16:30:00+00:00,la-liga,"Regular Season - 9","Malaga","Real Sociedad",0.2732,0.279,0.4478,1.2,1.58,https://theopenmodel.com/match/malaga-vs-real-sociedad-2026-10-18/
2026-10-18T18:45:00+00:00,serie-a,"Regular Season - 7","Juventus","Lazio",0.4592,0.2775,0.2634,1.61,1.17,https://theopenmodel.com/match/juventus-vs-lazio-2026-10-18/
2026-10-18T18:45:00+00:00,ligue-1,"Regular Season - 7","Lyon","Nice",0.6184,0.239,0.1426,1.94,0.84,https://theopenmodel.com/match/lyon-vs-nice-2026-10-18/
2026-10-18T19:00:00+00:00,la-liga,"Regular Season - 9","Real Madrid","Sevilla",0.6785,0.2166,0.1049,2.07,0.71,https://theopenmodel.com/match/real-madrid-vs-sevilla-2026-10-18/
2026-10-19T16:30:00+00:00,serie-a,"Regular Season - 7","Monza","Cagliari",0.3159,0.2836,0.4005,1.3,1.48,https://theopenmodel.com/match/monza-vs-cagliari-2026-10-19/
2026-10-19T18:45:00+00:00,serie-a,"Regular Season - 7","Parma","Torino",0.3698,0.2848,0.3454,1.42,1.36,https://theopenmodel.com/match/parma-vs-torino-2026-10-19/
2026-10-19T19:00:00+00:00,premier-league,"Regular Season - 7","Tottenham","Coventry",0.5217,0.266,0.2123,1.74,1.04,https://theopenmodel.com/match/tottenham-vs-coventry-2026-10-19/
2026-10-19T19:00:00+00:00,la-liga,"Regular Season - 9","Getafe","Rayo Vallecano",0.3538,0.2849,0.3612,1.38,1.4,https://theopenmodel.com/match/getafe-vs-rayo-vallecano-2026-10-19/
2026-10-23T18:30:00+00:00,bundesliga,"Regular Season - 7","Stuttgart","Gladbach",0.609,0.2421,0.1489,1.92,0.86,https://theopenmodel.com/match/stuttgart-vs-gladbach-2026-10-23/
2026-10-23T18:45:00+00:00,serie-a,"Regular Season - 8","Torino","Monza",0.458,0.2776,0.2644,1.6,1.18,https://theopenmodel.com/match/torino-vs-monza-2026-10-23/
2026-10-23T18:45:00+00:00,ligue-1,"Regular Season - 8","Brest","Nice",0.427,0.2814,0.2916,1.54,1.24,https://theopenmodel.com/match/brest-vs-nice-2026-10-23/
2026-10-23T19:00:00+00:00,premier-league,"Regular Season - 8","Ipswich","Forest",0.304,0.2826,0.4134,1.27,1.51,https://theopenmodel.com/match/ipswich-vs-forest-2026-10-23/
2026-10-23T19:00:00+00:00,la-liga,"Regular Season - 10","Alaves","Malaga",0.5277,0.2647,0.2076,1.75,1.03,https://theopenmodel.com/match/alaves-vs-malaga-2026-10-23/
2026-10-24T11:30:00+00:00,premier-league,"Regular Season - 8","Aston Villa","Man City",0.2099,0.2654,0.5247,1.04,1.74,https://theopenmodel.com/match/aston-villa-vs-man-city-2026-10-24/
2026-10-24T12:00:00+00:00,la-liga,"Regular Season - 10","Rayo Vallecano","Elche",0.458,0.2776,0.2644,1.6,1.18,https://theopenmodel.com/match/rayo-vallecano-vs-elche-2026-10-24/
2026-10-24T13:00:00+00:00,serie-a,"Regular Season - 8","Cagliari","Bologna",0.4117,0.2828,0.3056,1.51,1.27,https://theopenmodel.com/match/cagliari-vs-bologna-2026-10-24/
2026-10-24T13:00:00+00:00,serie-a,"Regular Season - 8","Como","Sassuolo",0.5482,0.2597,0.1921,1.79,0.99,https://theopenmodel.com/match/como-vs-sassuolo-2026-10-24/
2026-10-24T13:30:00+00:00,bundesliga,"Regular Season - 7","Mainz","Werder",0.4639,0.2768,0.2593,1.62,1.16,https://theopenmodel.com/match/mainz-vs-werder-2026-10-24/
2026-10-24T13:30:00+00:00,bundesliga,"Regular Season - 7","Augsburg","Union Berlin",0.5072,0.2691,0.2237,1.71,1.07,https://theopenmodel.com/match/augsburg-vs-union-berlin-2026-10-24/
2026-10-24T13:30:00+00:00,bundesliga,"Regular Season - 7","RB Leipzig","Elversberg",0.5385,0.2621,0.1993,1.77,1.01,https://theopenmodel.com/match/rb-leipzig-vs-elversberg-2026-10-24/
2026-10-24T13:30:00+00:00,bundesliga,"Regular Season - 7","Paderborn","Hamburg",0.4532,0.2783,0.2685,1.6,1.19,https://theopenmodel.com/match/paderborn-vs-hamburg-2026-10-24/
2026-10-24T13:30:00+00:00,bundesliga,"Regular Season - 7","Köln","Schalke",0.4306,0.281,0.2884,1.55,1.23,https://theopenmodel.com/match/koln-vs-schalke-2026-10-24/
2026-10-24T14:00:00+00:00,premier-league,"Regular Season - 8","Arsenal","Everton",0.6453,0.2295,0.1252,2,0.78,https://theopenmodel.com/match/arsenal-vs-everton-2026-10-24/
2026-10-24T14:00:00+00:00,premier-league,"Regular Season - 8","Coventry","Fulham",0.2943,0.2817,0.424,1.25,1.53,https://theopenmodel.com/match/coventry-vs-fulham-2026-10-24/
2026-10-24T14:15:00+00:00,la-liga,"Regular Season - 10","Santander","Espanyol",0.3836,0.2844,0.3319,1.45,1.33,https://theopenmodel.com/match/santander-vs-espanyol-2026-10-24/
2026-10-24T15:15:00+00:00,ligue-1,"Regular Season - 8","Toulouse","Troyes",0.5229,0.2658,0.2114,1.74,1.04,https://theopenmodel.com/match/toulouse-vs-troyes-2026-10-24/
2026-10-24T16:00:00+00:00,serie-a,"Regular Season - 8","Napoli","Roma",0.3471,0.2849,0.3681,1.37,1.41,https://theopenmodel.com/match/napoli-vs-roma-2026-10-24/
2026-10-24T16:30:00+00:00,premier-league,"Regular Season - 8","Chelsea","Tottenham",0.5422,0.2612,0.1966,1.78,1,https://theopenmodel.com/match/chelsea-vs-tottenham-2026-10-24/
2026-10-24T16:30:00+00:00,la-liga,"Regular Season - 10","Valencia","Villarreal",0.3392,0.2847,0.3761,1.35,1.43,https://theopenmodel.com/match/valencia-vs-villarreal-2026-10-24/
2026-10-24T16:30:00+00:00,bundesliga,"Regular Season - 7","Dortmund","Frankfurt",0.636,0.2329,0.1311,1.98,0.8,https://theopenmodel.com/match/dortmund-vs-frankfurt-2026-10-24/
2026-10-24T18:45:00+00:00,serie-a,"Regular Season - 8","Lazio","Parma",0.6243,0.237,0.1387,1.95,0.83,https://theopenmodel.com/match/lazio-vs-parma-2026-10-24/
2026-10-24T18:45:00+00:00,ligue-1,"Regular Season - 8","Lens","Paris FC",0.4663,0.2764,0.2573,1.62,1.16,https://theopenmodel.com/match/lens-vs-paris-fc-2026-10-24/
2026-10-24T19:00:00+00:00,la-liga,"Regular Season - 10","Atlético","Depor",0.6441,0.2299,0.126,2,0.79,https://theopenmodel.com/match/atletico-vs-depor-2026-10-24/
2026-10-25T11:30:00+00:00,serie-a,"Regular Season - 8","Internazionale","Fiorentina",0.7261,0.1957,0.0782,2.18,0.6,https://theopenmodel.com/match/internazionale-vs-fiorentina-2026-10-25/
2026-10-25T13:00:00+00:00,la-liga,"Regular Season - 10","Bilbao","Getafe",0.4034,0.2834,0.3132,1.49,1.29,https://theopenmodel.com/match/bilbao-vs-getafe-2026-10-25/
2026-10-25T14:00:00+00:00,premier-league,"Regular Season - 8","Man United","Bournemouth",0.4294,0.2811,0.2895,1.55,1.24,https://theopenmodel.com/match/man-united-vs-bournemouth-2026-10-25/
2026-10-25T14:00:00+00:00,premier-league,"Regular Season - 8","Liverpool","Brighton",0.4329,0.2808,0.2863,1.55,1.23,https://theopenmodel.com/match/liverpool-vs-brighton-2026-10-25/
2026-10-25T14:00:00+00:00,premier-league,"Regular Season - 8","Crystal Palace","Newcastle",0.328,0.2843,0.3877,1.33,1.46,https://theopenmodel.com/match/crystal-palace-vs-newcastle-2026-10-25/
2026-10-25T14:00:00+00:00,premier-league,"Regular Season - 8","Hull","Brentford",0.1925,0.2599,0.5476,0.99,1.79,https://theopenmodel.com/match/hull-vs-brentford-2026-10-25/
2026-10-25T14:00:00+00:00,serie-a,"Regular Season - 8","Genoa","Venezia",0.4377,0.2802,0.2821,1.56,1.22,https://theopenmodel.com/match/genoa-vs-venezia-2026-10-25/
2026-10-25T14:00:00+00:00,serie-a,"Regular Season - 8","Atalanta","Frosinone",0.4844,0.2734,0.2422,1.66,1.12,https://theopenmodel.com/match/atalanta-vs-frosinone-2026-10-25/
2026-10-25T14:00:00+00:00,ligue-1,"Regular Season - 8","Monaco","Lille",0.4687,0.276,0.2552,1.63,1.15,https://theopenmodel.com/match/monaco-vs-lille-2026-10-25/
2026-10-25T14:30:00+00:00,bundesliga,"Regular Season - 7","Hoffenheim","Leverkusen",0.2427,0.2735,0.4838,1.12,1.66,https://theopenmodel.com/match/hoffenheim-vs-leverkusen-2026-10-25/
2026-10-25T15:15:00+00:00,la-liga,"Regular Season - 10","Celta","Betis",0.2975,0.282,0.4205,1.26,1.53,https://theopenmodel.com/match/celta-vs-betis-2026-10-25/
2026-10-25T16:15:00+00:00,ligue-1,"Regular Season - 8","Angers","Lorient",0.3629,0.2849,0.3521,1.4,1.38,https://theopenmodel.com/match/angers-vs-lorient-2026-10-25/
2026-10-25T16:15:00+00:00,ligue-1,"Regular Season - 8","Marseille","Le Havre",0.6019,0.2444,0.1537,1.91,0.88,https://theopenmodel.com/match/marseille-vs-le-havre-2026-10-25/
2026-10-25T16:15:00+00:00,ligue-1,"Regular Season - 8","Rennes","Strasbourg",0.427,0.2814,0.2916,1.54,1.24,https://theopenmodel.com/match/rennes-vs-strasbourg-2026-10-25/
2026-10-25T16:15:00+00:00,ligue-1,"Regular Season - 8","Auxerre","Le Mans",0.446,0.2792,0.2748,1.58,1.2,https://theopenmodel.com/match/auxerre-vs-le-mans-2026-10-25/
2026-10-25T16:30:00+00:00,premier-league,"Regular Season - 8","Sunderland","Leeds",0.2879,0.281,0.4311,1.23,1.55,https://theopenmodel.com/match/sunderland-vs-leeds-2026-10-25/
2026-10-25T16:30:00+00:00,bundesliga,"Regular Season - 7","Freiburg","Bayern München",0.1741,0.2531,0.5727,0.94,1.84,https://theopenmodel.com/match/freiburg-vs-bayern-munchen-2026-10-25/
2026-10-25T17:00:00+00:00,serie-a,"Regular Season - 8","Lecce","Juventus",0.175,0.2535,0.5715,0.94,1.84,https://theopenmodel.com/match/lecce-vs-juventus-2026-10-25/
2026-10-25T17:30:00+00:00,la-liga,"Regular Season - 10","Real Sociedad","Levante",0.494,0.2717,0.2343,1.68,1.1,https://theopenmodel.com/match/real-sociedad-vs-levante-2026-10-25/
2026-10-25T19:45:00+00:00,serie-a,"Regular Season - 8","Udinese","Milan",0.2407,0.2731,0.4862,1.12,1.66,https://theopenmodel.com/match/udinese-vs-milan-2026-10-25/
2026-10-25T19:45:00+00:00,ligue-1,"Regular Season - 8","Paris SG","Lyon",0.559,0.2569,0.1841,1.82,0.97,https://theopenmodel.com/match/paris-sg-vs-lyon-2026-10-25/
2026-10-25T20:00:00+00:00,la-liga,"Regular Season - 10","Barcelona","Real Madrid",0.5132,0.2679,0.2189,1.72,1.06,https://theopenmodel.com/match/barcelona-vs-real-madrid-2026-10-25/
2026-10-26T20:00:00+00:00,la-liga,"Regular Season - 10","Sevilla","Osasuna",0.4759,0.2749,0.2492,1.64,1.14,https://theopenmodel.com/match/sevilla-vs-osasuna-2026-10-26/
2026-10-27T17:30:00+00:00,serie-a,"Regular Season - 9","Sassuolo","Lazio",0.2932,0.2816,0.4252,1.25,1.54,https://theopenmodel.com/match/sassuolo-vs-lazio-2026-10-27/
2026-10-27T19:45:00+00:00,serie-a,"Regular Season - 9","Roma","Cagliari",0.6173,0.2394,0.1434,1.94,0.84,https://theopenmodel.com/match/roma-vs-cagliari-2026-10-27/
2026-10-27T19:45:00+00:00,serie-a,"Regular Season - 9","Torino","Como",0.2557,0.2761,0.4681,1.16,1.63,https://theopenmodel.com/match/torino-vs-como-2026-10-27/
2026-10-28T17:30:00+00:00,serie-a,"Regular Season - 9","Milan","Bologna",0.559,0.2569,0.1841,1.82,0.97,https://theopenmodel.com/match/milan-vs-bologna-2026-10-28/
2026-10-28T17:30:00+00:00,serie-a,"Regular Season - 9","Venezia","Internazionale",0.0917,0.2069,0.7014,0.66,2.12,https://theopenmodel.com/match/venezia-vs-internazionale-2026-10-28/
2026-10-28T17:30:00+00:00,serie-a,"Regular Season - 9","Parma","Udinese",0.3538,0.2849,0.3612,1.38,1.4,https://theopenmodel.com/match/parma-vs-udinese-2026-10-28/
2026-10-28T19:45:00+00:00,serie-a,"Regular Season - 9","Genoa","Juventus",0.1793,0.2551,0.5656,0.95,1.83,https://theopenmodel.com/match/genoa-vs-juventus-2026-10-28/
2026-10-28T19:45:00+00:00,serie-a,"Regular Season - 9","Monza","Napoli",0.2025,0.2631,0.5343,1.02,1.76,https://theopenmodel.com/match/monza-vs-napoli-2026-10-28/
2026-10-29T17:30:00+00:00,serie-a,"Regular Season - 9","Frosinone","Lecce",0.5434,0.2609,0.1957,1.78,1,https://theopenmodel.com/match/frosinone-vs-lecce-2026-10-29/
2026-10-29T19:45:00+00:00,serie-a,"Regular Season - 9","Fiorentina","Atalanta",0.2932,0.2816,0.4252,1.25,1.54,https://theopenmodel.com/match/fiorentina-vs-atalanta-2026-10-29/
2026-10-30T18:00:00+00:00,ligue-1,"Regular Season - 9","Le Havre","Paris SG",0.082,0.199,0.719,0.62,2.16,https://theopenmodel.com/match/le-havre-vs-paris-sg-2026-10-30/
2026-10-30T19:30:00+00:00,bundesliga,"Regular Season - 8","Elversberg","Mainz",0.3584,0.2849,0.3567,1.39,1.39,https://theopenmodel.com/match/elversberg-vs-mainz-2026-10-30/
2026-10-30T20:00:00+00:00,la-liga,"Regular Season - 11","Villarreal","Espanyol",0.5193,0.2666,0.2142,1.73,1.05,https://theopenmodel.com/match/villarreal-vs-espanyol-2026-10-30/
2026-10-30T20:05:00+00:00,ligue-1,"Regular Season - 9","Lille","Lens",0.4282,0.2813,0.2906,1.54,1.24,https://theopenmodel.com/match/lille-vs-lens-2026-10-30/
2026-10-31T12:30:00+00:00,premier-league,"Regular Season - 9","Chelsea","Man United",0.4306,0.281,0.2884,1.55,1.23,https://theopenmodel.com/match/chelsea-vs-man-united-2026-10-31/
2026-10-31T13:00:00+00:00,la-liga,"Regular Season - 11","Levante","Atlético",0.1998,0.2623,0.5379,1.01,1.77,https://theopenmodel.com/match/levante-vs-atletico-2026-10-31/
2026-10-31T14:00:00+00:00,serie-a,"Regular Season - 10","Bologna","Monza",0.5193,0.2666,0.2142,1.73,1.05,https://theopenmodel.com/match/bologna-vs-monza-2026-10-31/
2026-10-31T14:30:00+00:00,bundesliga,"Regular Season - 8","Werder","Hoffenheim",0.4011,0.2835,0.3154,1.49,1.3,https://theopenmodel.com/match/werder-vs-hoffenheim-2026-10-31/
2026-10-31T14:30:00+00:00,bundesliga,"Regular Season - 8","Gladbach","Paderborn",0.3721,0.2848,0.3431,1.42,1.36,https://theopenmodel.com/match/gladbach-vs-paderborn-2026-10-31/
2026-10-31T14:30:00+00:00,bundesliga,"Regular Season - 8","Leverkusen","Stuttgart",0.5036,0.2698,0.2266,1.7,1.08,https://theopenmodel.com/match/leverkusen-vs-stuttgart-2026-10-31/
2026-10-31T14:30:00+00:00,bundesliga,"Regular Season - 8","Augsburg","Freiburg",0.3347,0.2845,0.3807,1.34,1.44,https://theopenmodel.com/match/augsburg-vs-freiburg-2026-10-31/
2026-10-31T14:30:00+00:00,bundesliga,"Regular Season - 8","Schalke","RB Leipzig",0.2329,0.2714,0.4958,1.1,1.68,https://theopenmodel.com/match/schalke-vs-rb-leipzig-2026-10-31/
2026-10-31T15:00:00+00:00,premier-league,"Regular Season - 9","Bournemouth","Leeds",0.414,0.2826,0.3034,1.51,1.27,https://theopenmodel.com/match/bournemouth-vs-leeds-2026-10-31/
2026-10-31T15:00:00+00:00,premier-league,"Regular Season - 9","Man City","Brighton",0.565,0.2553,0.1797,1.83,0.95,https://theopenmodel.com/match/man-city-vs-brighton-2026-10-31/
2026-10-31T15:00:00+00:00,premier-league,"Regular Season - 9","Brentford","Forest",0.5217,0.266,0.2123,1.74,1.04,https://theopenmodel.com/match/brentford-vs-forest-2026-10-31/
2026-10-31T15:00:00+00:00,premier-league,"Regular Season - 9","Hull","Ipswich",0.3883,0.2842,0.3275,1.46,1.32,https://theopenmodel.com/match/hull-vs-ipswich-2026-10-31/
2026-10-31T15:00:00+00:00,premier-league,"Regular Season - 9","Coventry","Sunderland",0.3471,0.2849,0.3681,1.37,1.41,https://theopenmodel.com/match/coventry-vs-sunderland-2026-10-31/
2026-10-31T15:15:00+00:00,la-liga,"Regular Season - 11","Rayo Vallecano","Celta",0.4258,0.2815,0.2927,1.54,1.24,https://theopenmodel.com/match/rayo-vallecano-vs-celta-2026-10-31/
2026-10-31T16:15:00+00:00,ligue-1,"Regular Season - 9","Nice","Rennes",0.2975,0.282,0.4205,1.26,1.53,https://theopenmodel.com/match/nice-vs-rennes-2026-10-31/
2026-10-31T17:00:00+00:00,serie-a,"Regular Season - 10","Udinese","Roma",0.1962,0.2611,0.5428,1,1.78,https://theopenmodel.com/match/udinese-vs-roma-2026-10-31/
2026-10-31T17:30:00+00:00,premier-league,"Regular Season - 9","Tottenham","Crystal Palace",0.3733,0.2848,0.342,1.43,1.36,https://theopenmodel.com/match/tottenham-vs-crystal-palace-2026-10-31/
2026-10-31T17:30:00+00:00,la-liga,"Regular Season - 11","Betis","Malaga",0.6406,0.2312,0.1282,1.99,0.79,https://theopenmodel.com/match/betis-vs-malaga-2026-10-31/
2026-10-31T17:30:00+00:00,bundesliga,"Regular Season - 8","Bayern München","Dortmund",0.559,0.2569,0.1841,1.82,0.97,https://theopenmodel.com/match/bayern-munchen-vs-dortmund-2026-10-31/
2026-10-31T19:45:00+00:00,serie-a,"Regular Season - 10","Milan","Internazionale",0.2996,0.2822,0.4181,1.26,1.52,https://theopenmodel.com/match/milan-vs-internazionale-2026-10-31/
2026-10-31T19:45:00+00:00,ligue-1,"Regular Season - 9","Lyon","Angers",0.643,0.2303,0.1267,1.99,0.79,https://theopenmodel.com/match/lyon-vs-angers-2026-10-31/
2026-10-31T19:45:00+00:00,ligue-1,"Regular Season - 9","Lorient","Brest",0.4282,0.2813,0.2906,1.54,1.24,https://theopenmodel.com/match/lorient-vs-brest-2026-10-31/
2026-10-31T19:45:00+00:00,ligue-1,"Regular Season - 9","Troyes","Le Mans",0.386,0.2843,0.3297,1.45,1.33,https://theopenmodel.com/match/troyes-vs-le-mans-2026-10-31/
2026-10-31T20:00:00+00:00,premier-league,"Regular Season - 9","Aston Villa","Fulham",0.512,0.2681,0.2198,1.72,1.06,https://theopenmodel.com/match/aston-villa-vs-fulham-2026-10-31/
2026-10-31T20:00:00+00:00,la-liga,"Regular Season - 11","Barcelona","Alaves",0.7844,0.1662,0.0495,2.32,0.46,https://theopenmodel.com/match/barcelona-vs-alaves-2026-10-31/
2026-11-01T11:30:00+00:00,serie-a,"Regular Season - 10","Como","Venezia",0.6648,0.222,0.1131,2.04,0.74,https://theopenmodel.com/match/como-vs-venezia-2026-11-01/
2026-11-01T13:00:00+00:00,la-liga,"Regular Season - 11","Getafe","Sevilla",0.3381,0.2847,0.3773,1.35,1.43,https://theopenmodel.com/match/getafe-vs-sevilla-2026-11-01/
2026-11-01T14:00:00+00:00,serie-a,"Regular Season - 10","Lazio","Cagliari",0.5205,0.2663,0.2132,1.74,1.05,https://theopenmodel.com/match/lazio-vs-cagliari-2026-11-01/
2026-11-01T14:00:00+00:00,serie-a,"Regular Season - 10","Frosinone","Torino",0.4795,0.2743,0.2462,1.65,1.13,https://theopenmodel.com/match/frosinone-vs-torino-2026-11-01/
2026-11-01T14:00:00+00:00,ligue-1,"Regular Season - 9","Strasbourg","Auxerre",0.5446,0.2606,0.1948,1.79,1,https://theopenmodel.com/match/strasbourg-vs-auxerre-2026-11-01/
2026-11-01T14:30:00+00:00,bundesliga,"Regular Season - 8","Union Berlin","Köln",0.4341,0.2806,0.2853,1.56,1.23,https://theopenmodel.com/match/union-berlin-vs-koln-2026-11-01/
2026-11-01T15:15:00+00:00,la-liga,"Regular Season - 11","Santander","Real Madrid",0.1156,0.2236,0.6608,0.75,2.03,https://theopenmodel.com/match/santander-vs-real-madrid-2026-11-01/
2026-11-01T16:15:00+00:00,ligue-1,"Regular Season - 9","Paris FC","Monaco",0.2986,0.2821,0.4193,1.26,1.52,https://theopenmodel.com/match/paris-fc-vs-monaco-2026-11-01/
2026-11-01T16:30:00+00:00,premier-league,"Regular Season - 9","Liverpool","Arsenal",0.3061,0.2828,0.4111,1.28,1.51,https://theopenmodel.com/match/liverpool-vs-arsenal-2026-11-01/
2026-11-01T16:30:00+00:00,bundesliga,"Regular Season - 8","Frankfurt","Hamburg",0.5349,0.263,0.2021,1.77,1.02,https://theopenmodel.com/match/frankfurt-vs-hamburg-2026-11-01/
2026-11-01T17:00:00+00:00,serie-a,"Regular Season - 10","Lecce","Genoa",0.4081,0.283,0.3088,1.5,1.28,https://theopenmodel.com/match/lecce-vs-genoa-2026-11-01/
2026-11-01T17:30:00+00:00,la-liga,"Regular Season - 11","Elche","Valencia",0.3929,0.284,0.3231,1.47,1.31,https://theopenmodel.com/match/elche-vs-valencia-2026-11-01/
2026-11-01T19:45:00+00:00,serie-a,"Regular Season - 10","Juventus","Napoli",0.4317,0.2809,0.2874,1.55,1.23,https://theopenmodel.com/match/juventus-vs-napoli-2026-11-01/
2026-11-01T19:45:00+00:00,ligue-1,"Regular Season - 9","Marseille","Toulouse",0.4964,0.2712,0.2324,1.69,1.1,https://theopenmodel.com/match/marseille-vs-toulouse-2026-11-01/
2026-11-01T20:00:00+00:00,la-liga,"Regular Season - 11","Bilbao","Real Sociedad",0.3116,0.2832,0.4052,1.29,1.49,https://theopenmodel.com/match/bilbao-vs-real-sociedad-2026-11-01/
2026-11-02T17:30:00+00:00,serie-a,"Regular Season - 10","Sassuolo","Fiorentina",0.4424,0.2797,0.2779,1.57,1.21,https://theopenmodel.com/match/sassuolo-vs-fiorentina-2026-11-02/
2026-11-02T19:45:00+00:00,serie-a,"Regular Season - 10","Atalanta","Parma",0.596,0.2462,0.1578,1.89,0.89,https://theopenmodel.com/match/atalanta-vs-parma-2026-11-02/
2026-11-02T20:00:00+00:00,premier-league,"Regular Season - 9","Newcastle","Everton",0.4508,0.2786,0.2706,1.59,1.19,https://theopenmodel.com/match/newcastle-vs-everton-2026-11-02/
2026-11-02T20:00:00+00:00,la-liga,"Regular Season - 11","Depor","Osasuna",0.4235,0.2817,0.2948,1.53,1.25,https://theopenmodel.com/match/depor-vs-osasuna-2026-11-02/
2026-11-06T19:30:00+00:00,bundesliga,"Regular Season - 9","Hamburg","Gladbach",0.4175,0.2823,0.3002,1.52,1.26,https://theopenmodel.com/match/hamburg-vs-gladbach-2026-11-06/
2026-11-06T19:45:00+00:00,serie-a,"Regular Season - 11","Venezia","Udinese",0.3203,0.2838,0.3958,1.31,1.47,https://theopenmodel.com/match/venezia-vs-udinese-2026-11-06/
2026-11-06T19:45:00+00:00,ligue-1,"Regular Season - 10","Toulouse","Strasbourg",0.3347,0.2845,0.3807,1.34,1.44,https://theopenmodel.com/match/toulouse-vs-strasbourg-2026-11-06/
2026-11-06T20:00:00+00:00,premier-league,"Regular Season - 10","Everton","Coventry",0.6161,0.2398,0.1442,1.94,0.85,https://theopenmodel.com/match/everton-vs-coventry-2026-11-06/
2026-11-07T12:30:00+00:00,premier-league,"Regular Season - 10","Leeds","Tottenham",0.5096,0.2686,0.2218,1.71,1.07,https://theopenmodel.com/match/leeds-vs-tottenham-2026-11-07/
2026-11-07T14:00:00+00:00,serie-a,"Regular Season - 11","Cagliari","Frosinone",0.407,0.2831,0.3099,1.5,1.28,https://theopenmodel.com/match/cagliari-vs-frosinone-2026-11-07/
2026-11-07T14:00:00+00:00,serie-a,"Regular Season - 11","Torino","Lecce",0.4771,0.2747,0.2482,1.65,1.14,https://theopenmodel.com/match/torino-vs-lecce-2026-11-07/
2026-11-07T14:30:00+00:00,bundesliga,"Regular Season - 9","Mainz","Bayern München",0.1205,0.2267,0.6528,0.77,2.01,https://theopenmodel.com/match/mainz-vs-bayern-munchen-2026-11-07/
2026-11-07T14:30:00+00:00,bundesliga,"Regular Season - 9","Dortmund","Elversberg",0.6807,0.2156,0.1036,2.08,0.71,https://theopenmodel.com/match/dortmund-vs-elversberg-2026-11-07/
2026-11-07T14:30:00+00:00,bundesliga,"Regular Season - 9","RB Leipzig","Augsburg",0.4819,0.2739,0.2442,1.66,1.13,https://theopenmodel.com/match/rb-leipzig-vs-augsburg-2026-11-07/
2026-11-07T14:30:00+00:00,bundesliga,"Regular Season - 9","Paderborn","Frankfurt",0.3358,0.2846,0.3796,1.34,1.44,https://theopenmodel.com/match/paderborn-vs-frankfurt-2026-11-07/
2026-11-07T15:00:00+00:00,premier-league,"Regular Season - 10","Fulham","Newcastle",0.3072,0.2829,0.4099,1.28,1.5,https://theopenmodel.com/match/fulham-vs-newcastle-2026-11-07/
2026-11-07T15:00:00+00:00,premier-league,"Regular Season - 10","Arsenal","Hull",0.8239,0.1434,0.0327,2.42,0.36,https://theopenmodel.com/match/arsenal-vs-hull-2026-11-07/
2026-11-07T16:15:00+00:00,ligue-1,"Regular Season - 10","Auxerre","Paris FC",0.2986,0.2821,0.4193,1.26,1.52,https://theopenmodel.com/match/auxerre-vs-paris-fc-2026-11-07/
2026-11-07T17:00:00+00:00,serie-a,"Regular Season - 11","Parma","Bologna",0.3126,0.2833,0.404,1.29,1.49,https://theopenmodel.com/match/parma-vs-bologna-2026-11-07/
2026-11-07T17:30:00+00:00,premier-league,"Regular Season - 10","Forest","Man City",0.1501,0.2427,0.6072,0.87,1.92,https://theopenmodel.com/match/forest-vs-man-city-2026-11-07/
2026-11-07T17:30:00+00:00,bundesliga,"Regular Season - 9","Stuttgart","Werder",0.5241,0.2655,0.2104,1.74,1.04,https://theopenmodel.com/match/stuttgart-vs-werder-2026-11-07/
2026-11-07T19:45:00+00:00,serie-a,"Regular Season - 11","Roma","Sassuolo",0.6383,0.232,0.1297,1.98,0.8,https://theopenmodel.com/match/roma-vs-sassuolo-2026-11-07/
2026-11-07T19:45:00+00:00,ligue-1,"Regular Season - 10","Paris SG","Troyes",0.8211,0.1451,0.0338,2.41,0.37,https://theopenmodel.com/match/paris-sg-vs-troyes-2026-11-07/
2026-11-08T00:00:00+00:00,la-liga,"Regular Season - 12","Atlético","Barcelona",0.2417,0.2733,0.485,1.12,1.66,https://theopenmodel.com/match/atletico-vs-barcelona-2026-11-08/
2026-11-08T00:00:00+00:00,la-liga,"Regular Season - 12","Valencia","Real Madrid",0.1525,0.2438,0.6037,0.87,1.91,https://theopenmodel.com/match/valencia-vs-real-madrid-2026-11-08/
2026-11-08T00:00:00+00:00,la-liga,"Regular Season - 12","Villarreal","Getafe",0.5313,0.2638,0.2048,1.76,1.02,https://theopenmodel.com/match/villarreal-vs-getafe-2026-11-08/
2026-11-08T00:00:00+00:00,la-liga,"Regular Season - 12","Malaga","Santander",0.3802,0.2846,0.3353,1.44,1.34,https://theopenmodel.com/match/malaga-vs-santander-2026-11-08/
2026-11-08T00:00:00+00:00,la-liga,"Regular Season - 12","Sevilla","Alaves",0.4329,0.2808,0.2863,1.55,1.23,https://theopenmodel.com/match/sevilla-vs-alaves-2026-11-08/
2026-11-08T00:00:00+00:00,la-liga,"Regular Season - 12","Celta","Levante",0.4472,0.2791,0.2737,1.58,1.2,https://theopenmodel.com/match/celta-vs-levante-2026-11-08/
2026-11-08T00:00:00+00:00,la-liga,"Regular Season - 12","Espanyol","Depor",0.3999,0.2836,0.3165,1.48,1.3,https://theopenmodel.com/match/espanyol-vs-depor-2026-11-08/
2026-11-08T00:00:00+00:00,la-liga,"Regular Season - 12","Real Sociedad","Rayo Vallecano",0.4484,0.2789,0.2727,1.58,1.2,https://theopenmodel.com/match/real-sociedad-vs-rayo-vallecano-2026-11-08/
2026-11-08T00:00:00+00:00,la-liga,"Regular Season - 12","Osasuna","Bilbao",0.4412,0.2798,0.2789,1.57,1.21,https://theopenmodel.com/match/osasuna-vs-bilbao-2026-11-08/
2026-11-08T00:00:00+00:00,la-liga,"Regular Season - 12","Elche","Betis",0.2691,0.2784,0.4526,1.19,1.59,https://theopenmodel.com/match/elche-vs-betis-2026-11-08/
2026-11-08T11:30:00+00:00,serie-a,"Regular Season - 11","Napoli","Lazio",0.4412,0.2798,0.2789,1.57,1.21,https://theopenmodel.com/match/napoli-vs-lazio-2026-11-08/
2026-11-08T14:00:00+00:00,premier-league,"Regular Season - 10","Brighton","Brentford",0.4651,0.2766,0.2583,1.62,1.16,https://theopenmodel.com/match/brighton-vs-brentford-2026-11-08/
2026-11-08T14:00:00+00:00,premier-league,"Regular Season - 10","Crystal Palace","Liverpool",0.2557,0.2761,0.4681,1.16,1.63,https://theopenmodel.com/match/crystal-palace-vs-liverpool-2026-11-08/
2026-11-08T14:00:00+00:00,premier-league,"Regular Season - 10","Ipswich","Bournemouth",0.2507,0.2752,0.4741,1.14,1.64,https://theopenmodel.com/match/ipswich-vs-bournemouth-2026-11-08/
2026-11-08T14:00:00+00:00,premier-league,"Regular Season - 10","Sunderland","Chelsea",0.2598,0.2768,0.4633,1.17,1.62,https://theopenmodel.com/match/sunderland-vs-chelsea-2026-11-08/
2026-11-08T14:00:00+00:00,serie-a,"Regular Season - 11","Genoa","Milan",0.1828,0.2564,0.5608,0.96,1.82,https://theopenmodel.com/match/genoa-vs-milan-2026-11-08/
2026-11-08T14:00:00+00:00,serie-a,"Regular Season - 11","Monza","Atalanta",0.2477,0.2746,0.4777,1.14,1.65,https://theopenmodel.com/match/monza-vs-atalanta-2026-11-08/
2026-11-08T14:00:00+00:00,ligue-1,"Regular Season - 10","Rennes","Lille",0.3698,0.2848,0.3454,1.42,1.36,https://theopenmodel.com/match/rennes-vs-lille-2026-11-08/
2026-11-08T14:30:00+00:00,bundesliga,"Regular Season - 9","Köln","Leverkusen",0.1819,0.2561,0.562,0.96,1.82,https://theopenmodel.com/match/koln-vs-leverkusen-2026-11-08/
2026-11-08T16:15:00+00:00,ligue-1,"Regular Season - 10","Angers","Nice",0.3894,0.2842,0.3264,1.46,1.32,https://theopenmodel.com/match/angers-vs-nice-2026-11-08/
2026-11-08T16:15:00+00:00,ligue-1,"Regular Season - 10","Brest","Lyon",0.2387,0.2727,0.4886,1.11,1.67,https://theopenmodel.com/match/brest-vs-lyon-2026-11-08/
2026-11-08T16:15:00+00:00,ligue-1,"Regular Season - 10","Le Havre","Lorient",0.3137,0.2834,0.4029,1.29,1.49,https://theopenmodel.com/match/le-havre-vs-lorient-2026-11-08/
2026-11-08T16:15:00+00:00,ligue-1,"Regular Season - 10","Le Mans","Monaco",0.1733,0.2528,0.5739,0.94,1.85,https://theopenmodel.com/match/le-mans-vs-monaco-2026-11-08/
2026-11-08T16:30:00+00:00,premier-league,"Regular Season - 10","Man United","Aston Villa",0.4081,0.283,0.3088,1.5,1.28,https://theopenmodel.com/match/man-united-vs-aston-villa-2026-11-08/
2026-11-08T16:30:00+00:00,bundesliga,"Regular Season - 9","Freiburg","Union Berlin",0.59,0.2481,0.1619,1.88,0.9,https://theopenmodel.com/match/freiburg-vs-union-berlin-2026-11-08/
2026-11-08T17:00:00+00:00,serie-a,"Regular Season - 11","Internazionale","Como",0.5698,0.254,0.1763,1.84,0.94,https://theopenmodel.com/match/internazionale-vs-como-2026-11-08/
2026-11-08T18:30:00+00:00,bundesliga,"Regular Season - 9","Hoffenheim","Schalke",0.5084,0.2689,0.2227,1.71,1.07,https://theopenmodel.com/match/hoffenheim-vs-schalke-2026-11-08/
2026-11-08T19:45:00+00:00,serie-a,"Regular Season - 11","Fiorentina","Juventus",0.2299,0.2707,0.4994,1.09,1.69,https://theopenmodel.com/match/fiorentina-vs-juventus-2026-11-08/
2026-11-08T19:45:00+00:00,ligue-1,"Regular Season - 10","Lens","Marseille",0.458,0.2776,0.2644,1.6,1.18,https://theopenmodel.com/match/lens-vs-marseille-2026-11-08/
2026-11-20T19:30:00+00:00,bundesliga,"Regular Season - 10","Bayern München","Köln",0.848,0.128,0.024,2.5,0.3,https://theopenmodel.com/match/bayern-munchen-vs-koln-2026-11-20/
2026-11-20T19:45:00+00:00,ligue-1,"Regular Season - 11","Troyes","Le Havre",0.4105,0.2829,0.3067,1.51,1.28,https://theopenmodel.com/match/troyes-vs-le-havre-2026-11-20/
2026-11-21T12:30:00+00:00,premier-league,"Regular Season - 11","Man City","Fulham",0.7325,0.1927,0.0748,2.19,0.59,https://theopenmodel.com/match/man-city-vs-fulham-2026-11-21/
2026-11-21T14:00:00+00:00,serie-a,"Regular Season - 12","Lazio","Lecce",0.6418,0.2308,0.1274,1.99,0.79,https://theopenmodel.com/match/lazio-vs-lecce-2026-11-21/
2026-11-21T14:00:00+00:00,serie-a,"Regular Season - 12","Como","Cagliari",0.5265,0.2649,0.2086,1.75,1.03,https://theopenmodel.com/match/como-vs-cagliari-2026-11-21/
2026-11-21T14:30:00+00:00,bundesliga,"Regular Season - 10","Gladbach","Dortmund",0.1263,0.2301,0.6435,0.79,1.99,https://theopenmodel.com/match/gladbach-vs-dortmund-2026-11-21/
2026-11-21T14:30:00+00:00,bundesliga,"Regular Season - 10","Leverkusen","Paderborn",0.6545,0.226,0.1195,2.02,0.76,https://theopenmodel.com/match/leverkusen-vs-paderborn-2026-11-21/
2026-11-21T14:30:00+00:00,bundesliga,"Regular Season - 10","Frankfurt","Hoffenheim",0.4401,0.28,0.28,1.57,1.21,https://theopenmodel.com/match/frankfurt-vs-hoffenheim-2026-11-21/
2026-11-21T14:30:00+00:00,bundesliga,"Regular Season - 10","Union Berlin","RB Leipzig",0.2639,0.2775,0.4586,1.18,1.61,https://theopenmodel.com/match/union-berlin-vs-rb-leipzig-2026-11-21/
2026-11-21T14:30:00+00:00,bundesliga,"Regular Season - 10","Elversberg","Freiburg",0.2837,0.2804,0.4359,1.22,1.56,https://theopenmodel.com/match/elversberg-vs-freiburg-2026-11-21/
2026-11-21T15:00:00+00:00,premier-league,"Regular Season - 11","Bournemouth","Forest",0.4747,0.2751,0.2502,1.64,1.14,https://theopenmodel.com/match/bournemouth-vs-forest-2026-11-21/
2026-11-21T15:00:00+00:00,premier-league,"Regular Season - 11","Tottenham","Ipswich",0.4952,0.2715,0.2333,1.68,1.1,https://theopenmodel.com/match/tottenham-vs-ipswich-2026-11-21/
2026-11-21T15:00:00+00:00,premier-league,"Regular Season - 11","Chelsea","Leeds",0.446,0.2792,0.2748,1.58,1.2,https://theopenmodel.com/match/chelsea-vs-leeds-2026-11-21/
2026-11-21T15:00:00+00:00,premier-league,"Regular Season - 11","Aston Villa","Sunderland",0.5698,0.254,0.1763,1.84,0.94,https://theopenmodel.com/match/aston-villa-vs-sunderland-2026-11-21/
2026-11-21T15:00:00+00:00,premier-league,"Regular Season - 11","Coventry","Crystal Palace",0.2742,0.2792,0.4466,1.2,1.58,https://theopenmodel.com/match/coventry-vs-crystal-palace-2026-11-21/
2026-11-21T16:15:00+00:00,ligue-1,"Regular Season - 11","Nice","Paris SG",0.1249,0.2293,0.6459,0.78,2,https://theopenmodel.com/match/nice-vs-paris-sg-2026-11-21/
2026-11-21T17:00:00+00:00,serie-a,"Regular Season - 12","Parma","Roma",0.1517,0.2434,0.6049,0.87,1.91,https://theopenmodel.com/match/parma-vs-roma-2026-11-21/
2026-11-21T17:30:00+00:00,premier-league,"Regular Season - 11","Newcastle","Arsenal",0.2358,0.272,0.4922,1.1,1.68,https://theopenmodel.com/match/newcastle-vs-arsenal-2026-11-21/
2026-11-21T17:30:00+00:00,bundesliga,"Regular Season - 10","Schalke","Stuttgart",0.2387,0.2727,0.4886,1.11,1.67,https://theopenmodel.com/match/schalke-vs-stuttgart-2026-11-21/
2026-11-21T19:45:00+00:00,serie-a,"Regular Season - 12","Napoli","Torino",0.6066,0.2429,0.1505,1.92,0.87,https://theopenmodel.com/match/napoli-vs-torino-2026-11-21/
2026-11-21T19:45:00+00:00,ligue-1,"Regular Season - 11","Lille","Lyon",0.379,0.2846,0.3364,1.44,1.34,https://theopenmodel.com/match/lille-vs-lyon-2026-11-21/
2026-11-21T19:45:00+00:00,ligue-1,"Regular Season - 11","Monaco","Auxerre",0.6568,0.2252,0.118,2.02,0.76,https://theopenmodel.com/match/monaco-vs-auxerre-2026-11-21/
2026-11-21T19:45:00+00:00,ligue-1,"Regular Season - 11","Strasbourg","Brest",0.5108,0.2684,0.2208,1.72,1.07,https://theopenmodel.com/match/strasbourg-vs-brest-2026-11-21/
2026-11-21T19:45:00+00:00,ligue-1,"Regular Season - 11","Lens","Toulouse",0.5409,0.2615,0.1975,1.78,1,https://theopenmodel.com/match/lens-vs-toulouse-2026-11-21/
2026-11-22T00:00:00+00:00,la-liga,"Regular Season - 13","Barcelona","Villarreal",0.7347,0.1916,0.0737,2.2,0.58,https://theopenmodel.com/match/barcelona-vs-villarreal-2026-11-22/
2026-11-22T00:00:00+00:00,la-liga,"Regular Season - 13","Bilbao","Espanyol",0.3918,0.2841,0.3242,1.47,1.32,https://theopenmodel.com/match/bilbao-vs-espanyol-2026-11-22/
2026-11-22T00:00:00+00:00,la-liga,"Regular Season - 13","Sevilla","Betis",0.3236,0.284,0.3923,1.32,1.47,https://theopenmodel.com/match/sevilla-vs-betis-2026-11-22/
2026-11-22T00:00:00+00:00,la-liga,"Regular Season - 13","Levante","Elche",0.4128,0.2827,0.3045,1.51,1.27,https://theopenmodel.com/match/levante-vs-elche-2026-11-22/
2026-11-22T00:00:00+00:00,la-liga,"Regular Season - 13","Real Madrid","Celta",0.7053,0.2052,0.0895,2.13,0.65,https://theopenmodel.com/match/real-madrid-vs-celta-2026-11-22/
2026-11-22T00:00:00+00:00,la-liga,"Regular Season - 13","Alaves","Depor",0.4472,0.2791,0.2737,1.58,1.2,https://theopenmodel.com/match/alaves-vs-depor-2026-11-22/
2026-11-22T00:00:00+00:00,la-liga,"Regular Season - 13","Getafe","Atlético",0.1872,0.258,0.5548,0.98,1.81,https://theopenmodel.com/match/getafe-vs-atletico-2026-11-22/
2026-11-22T00:00:00+00:00,la-liga,"Regular Season - 13","Osasuna","Malaga",0.4844,0.2734,0.2422,1.66,1.12,https://theopenmodel.com/match/osasuna-vs-malaga-2026-11-22/
2026-11-22T00:00:00+00:00,la-liga,"Regular Season - 13","Rayo Vallecano","Valencia",0.4365,0.2804,0.2831,1.56,1.22,https://theopenmodel.com/match/rayo-vallecano-vs-valencia-2026-11-22/
2026-11-22T00:00:00+00:00,la-liga,"Regular Season - 13","Santander","Real Sociedad",0.304,0.2826,0.4134,1.27,1.51,https://theopenmodel.com/match/santander-vs-real-sociedad-2026-11-22/
2026-11-22T11:30:00+00:00,serie-a,"Regular Season - 12","Juventus","Venezia",0.702,0.2066,0.0914,2.12,0.66,https://theopenmodel.com/match/juventus-vs-venezia-2026-11-22/
2026-11-22T14:00:00+00:00,premier-league,"Regular Season - 11","Hull","Brighton",0.1557,0.2453,0.5989,0.88,1.9,https://theopenmodel.com/match/hull-vs-brighton-2026-11-22/
2026-11-22T14:00:00+00:00,serie-a,"Regular Season - 12","Sassuolo","Genoa",0.5084,0.2689,0.2227,1.71,1.07,https://theopenmodel.com/match/sassuolo-vs-genoa-2026-11-22/
2026-11-22T14:00:00+00:00,serie-a,"Regular Season - 12","Bologna","Udinese",0.458,0.2776,0.2644,1.6,1.18,https://theopenmodel.com/match/bologna-vs-udinese-2026-11-22/
2026-11-22T14:00:00+00:00,ligue-1,"Regular Season - 11","Paris FC","Angers",0.5409,0.2615,0.1975,1.78,1,https://theopenmodel.com/match/paris-fc-vs-angers-2026-11-22/
2026-11-22T14:30:00+00:00,bundesliga,"Regular Season - 10","Augsburg","Mainz",0.4128,0.2827,0.3045,1.51,1.27,https://theopenmodel.com/match/augsburg-vs-mainz-2026-11-22/
2026-11-22T16:15:00+00:00,ligue-1,"Regular Season - 11","Lorient","Rennes",0.3225,0.284,0.3935,1.31,1.47,https://theopenmodel.com/match/lorient-vs-rennes-2026-11-22/
2026-11-22T16:30:00+00:00,premier-league,"Regular Season - 11","Liverpool","Man United",0.5157,0.2673,0.217,1.73,1.06,https://theopenmodel.com/match/liverpool-vs-man-united-2026-11-22/
2026-11-22T16:30:00+00:00,bundesliga,"Regular Season - 10","Werder","Hamburg",0.4952,0.2715,0.2333,1.68,1.1,https://theopenmodel.com/match/werder-vs-hamburg-2026-11-22/
2026-11-22T17:00:00+00:00,serie-a,"Regular Season - 12","Milan","Frosinone",0.5542,0.2582,0.1876,1.81,0.98,https://theopenmodel.com/match/milan-vs-frosinone-2026-11-22/
2026-11-22T19:45:00+00:00,serie-a,"Regular Season - 12","Atalanta","Internazionale",0.2397,0.2729,0.4874,1.12,1.67,https://theopenmodel.com/match/atalanta-vs-internazionale-2026-11-22/
2026-11-22T19:45:00+00:00,ligue-1,"Regular Season - 11","Marseille","Le Mans",0.5769,0.2519,0.1711,1.85,0.93,https://theopenmodel.com/match/marseille-vs-le-mans-2026-11-22/
2026-11-23T19:45:00+00:00,serie-a,"Regular Season - 12","Monza","Fiorentina",0.3629,0.2849,0.3521,1.4,1.38,https://theopenmodel.com/match/monza-vs-fiorentina-2026-11-23/
2026-11-23T20:00:00+00:00,premier-league,"Regular Season - 11","Brentford","Everton",0.4615,0.2771,0.2613,1.61,1.17,https://theopenmodel.com/match/brentford-vs-everton-2026-11-23/
2026-11-27T19:30:00+00:00,bundesliga,"Regular Season - 11","Werder","Gladbach",0.4988,0.2708,0.2304,1.69,1.09,https://theopenmodel.com/match/werder-vs-gladbach-2026-11-27/
2026-11-27T19:45:00+00:00,serie-a,"Regular Season - 13","Venezia","Bologna",0.2805,0.28,0.4395,1.22,1.57,https://theopenmodel.com/match/venezia-vs-bologna-2026-11-27/
2026-11-27T19:45:00+00:00,ligue-1,"Regular Season - 12","Brest","Paris FC",0.3292,0.2843,0.3865,1.33,1.45,https://theopenmodel.com/match/brest-vs-paris-fc-2026-11-27/
2026-11-27T20:00:00+00:00,premier-league,"Regular Season - 12","Forest","Chelsea",0.3247,0.2841,0.3912,1.32,1.46,https://theopenmodel.com/match/forest-vs-chelsea-2026-11-27/
2026-11-28T14:00:00+00:00,serie-a,"Regular Season - 13","Frosinone","Parma",0.5253,0.2652,0.2095,1.75,1.04,https://theopenmodel.com/match/frosinone-vs-parma-2026-11-28/
2026-11-28T14:30:00+00:00,bundesliga,"Regular Season - 11","Mainz","Union Berlin",0.5084,0.2689,0.2227,1.71,1.07,https://theopenmodel.com/match/mainz-vs-union-berlin-2026-11-28/
2026-11-28T14:30:00+00:00,bundesliga,"Regular Season - 11","Hamburg","Bayern München",0.0548,0.1724,0.7728,0.49,2.29,https://theopenmodel.com/match/hamburg-vs-bayern-munchen-2026-11-28/
2026-11-28T14:30:00+00:00,bundesliga,"Regular Season - 11","Paderborn","Schalke",0.4532,0.2783,0.2685,1.6,1.19,https://theopenmodel.com/match/paderborn-vs-schalke-2026-11-28/
2026-11-28T14:30:00+00:00,bundesliga,"Regular Season - 11","Köln","Elversberg",0.3584,0.2849,0.3567,1.39,1.39,https://theopenmodel.com/match/koln-vs-elversberg-2026-11-28/
2026-11-28T15:00:00+00:00,premier-league,"Regular Season - 12","Man United","Brentford",0.3836,0.2844,0.3319,1.45,1.33,https://theopenmodel.com/match/man-united-vs-brentford-2026-11-28/
2026-11-28T15:00:00+00:00,premier-league,"Regular Season - 12","Leeds","Coventry",0.6173,0.2394,0.1434,1.94,0.84,https://theopenmodel.com/match/leeds-vs-coventry-2026-11-28/
2026-11-28T16:15:00+00:00,ligue-1,"Regular Season - 12","Angers","Lens",0.2487,0.2748,0.4765,1.14,1.64,https://theopenmodel.com/match/angers-vs-lens-2026-11-28/
2026-11-28T17:00:00+00:00,serie-a,"Regular Season - 13","Torino","Lazio",0.2608,0.277,0.4621,1.17,1.61,https://theopenmodel.com/match/torino-vs-lazio-2026-11-28/
2026-11-28T17:30:00+00:00,premier-league,"Regular Season - 12","Ipswich","Aston Villa",0.2329,0.2714,0.4958,1.1,1.68,https://theopenmodel.com/match/ipswich-vs-aston-villa-2026-11-28/
2026-11-28T17:30:00+00:00,bundesliga,"Regular Season - 11","Stuttgart","Frankfurt",0.4844,0.2734,0.2422,1.66,1.12,https://theopenmodel.com/match/stuttgart-vs-frankfurt-2026-11-28/
2026-11-28T19:45:00+00:00,serie-a,"Regular Season - 13","Internazionale","Genoa",0.7834,0.1667,0.0499,2.31,0.47,https://theopenmodel.com/match/internazionale-vs-genoa-2026-11-28/
2026-11-28T19:45:00+00:00,ligue-1,"Regular Season - 12","Nice","Troyes",0.4952,0.2715,0.2333,1.68,1.1,https://theopenmodel.com/match/nice-vs-troyes-2026-11-28/
2026-11-28T19:45:00+00:00,ligue-1,"Regular Season - 12","Paris SG","Lorient",0.7293,0.1942,0.0765,2.19,0.6,https://theopenmodel.com/match/paris-sg-vs-lorient-2026-11-28/
2026-11-28T19:45:00+00:00,ligue-1,"Regular Season - 12","Le Havre","Strasbourg",0.2417,0.2733,0.485,1.12,1.66,https://theopenmodel.com/match/le-havre-vs-strasbourg-2026-11-28/
2026-11-28T19:45:00+00:00,ligue-1,"Regular Season - 12","Le Mans","Lille",0.2146,0.2667,0.5187,1.05,1.73,https://theopenmodel.com/match/le-mans-vs-lille-2026-11-28/
2026-11-29T00:00:00+00:00,la-liga,"Regular Season - 14","Valencia","Osasuna",0.4365,0.2804,0.2831,1.56,1.22,https://theopenmodel.com/match/valencia-vs-osasuna-2026-11-29/
2026-11-29T00:00:00+00:00,la-liga,"Regular Season - 14","Malaga","Bilbao",0.3721,0.2848,0.3431,1.42,1.36,https://theopenmodel.com/match/malaga-vs-bilbao-2026-11-29/
2026-11-29T00:00:00+00:00,la-liga,"Regular Season - 14","Celta","Villarreal",0.3493,0.2849,0.3658,1.37,1.41,https://theopenmodel.com/match/celta-vs-villarreal-2026-11-29/
2026-11-29T00:00:00+00:00,la-liga,"Regular Season - 14","Levante","Santander",0.4496,0.2788,0.2716,1.59,1.19,https://theopenmodel.com/match/levante-vs-santander-2026-11-29/
2026-11-29T00:00:00+00:00,la-liga,"Regular Season - 14","Espanyol","Getafe",0.4258,0.2815,0.2927,1.54,1.24,https://theopenmodel.com/match/espanyol-vs-getafe-2026-11-29/
2026-11-29T00:00:00+00:00,la-liga,"Regular Season - 14","Real Madrid","Alaves",0.6964,0.209,0.0945,2.11,0.67,https://theopenmodel.com/match/real-madrid-vs-alaves-2026-11-29/
2026-11-29T00:00:00+00:00,la-liga,"Regular Season - 14","Betis","Rayo Vallecano",0.5253,0.2652,0.2095,1.75,1.04,https://theopenmodel.com/match/betis-vs-rayo-vallecano-2026-11-29/
2026-11-29T00:00:00+00:00,la-liga,"Regular Season - 14","Depor","Barcelona",0.0862,0.2025,0.7114,0.64,2.14,https://theopenmodel.com/match/depor-vs-barcelona-2026-11-29/
2026-11-29T00:00:00+00:00,la-liga,"Regular Season - 14","Real Sociedad","Sevilla",0.4317,0.2809,0.2874,1.55,1.23,https://theopenmodel.com/match/real-sociedad-vs-sevilla-2026-11-29/
2026-11-29T00:00:00+00:00,la-liga,"Regular Season - 14","Elche","Atlético",0.2007,0.2626,0.5367,1.01,1.77,https://theopenmodel.com/match/elche-vs-atletico-2026-11-29/
2026-11-29T11:30:00+00:00,serie-a,"Regular Season - 13","Udinese","Fiorentina",0.4223,0.2818,0.2959,1.53,1.25,https://theopenmodel.com/match/udinese-vs-fiorentina-2026-11-29/
2026-11-29T12:00:00+00:00,premier-league,"Regular Season - 12","Everton","Liverpool",0.3018,0.2824,0.4158,1.27,1.52,https://theopenmodel.com/match/everton-vs-liverpool-2026-11-29/
2026-11-29T14:00:00+00:00,serie-a,"Regular Season - 13","Sassuolo","Napoli",0.2691,0.2784,0.4526,1.19,1.59,https://theopenmodel.com/match/sassuolo-vs-napoli-2026-11-29/
2026-11-29T14:00:00+00:00,ligue-1,"Regular Season - 12","Auxerre","Marseille",0.2911,0.2813,0.4276,1.24,1.54,https://theopenmodel.com/match/auxerre-vs-marseille-2026-11-29/
2026-11-29T14:05:00+00:00,premier-league,"Regular Season - 12","Fulham","Bournemouth",0.3403,0.2847,0.375,1.35,1.43,https://theopenmodel.com/match/fulham-vs-bournemouth-2026-11-29/
2026-11-29T14:05:00+00:00,premier-league,"Regular Season - 12","Brighton","Newcastle",0.4759,0.2749,0.2492,1.64,1.14,https://theopenmodel.com/match/brighton-vs-newcastle-2026-11-29/
2026-11-29T14:05:00+00:00,premier-league,"Regular Season - 12","Crystal Palace","Hull",0.5638,0.2556,0.1806,1.83,0.96,https://theopenmodel.com/match/crystal-palace-vs-hull-2026-11-29/
2026-11-29T14:05:00+00:00,premier-league,"Regular Season - 12","Sunderland","Tottenham",0.3767,0.2847,0.3386,1.43,1.35,https://theopenmodel.com/match/sunderland-vs-tottenham-2026-11-29/
2026-11-29T14:30:00+00:00,bundesliga,"Regular Season - 11","Freiburg","RB Leipzig",0.4282,0.2813,0.2906,1.54,1.24,https://theopenmodel.com/match/freiburg-vs-rb-leipzig-2026-11-29/
2026-11-29T16:15:00+00:00,ligue-1,"Regular Season - 12","Toulouse","Rennes",0.3225,0.284,0.3935,1.31,1.47,https://theopenmodel.com/match/toulouse-vs-rennes-2026-11-29/
2026-11-29T16:30:00+00:00,premier-league,"Regular Season - 12","Arsenal","Man City",0.3964,0.2838,0.3198,1.48,1.31,https://theopenmodel.com/match/arsenal-vs-man-city-2026-11-29/
2026-11-29T16:30:00+00:00,bundesliga,"Regular Season - 11","Hoffenheim","Augsburg",0.379,0.2846,0.3364,1.44,1.34,https://theopenmodel.com/match/hoffenheim-vs-augsburg-2026-11-29/
2026-11-29T17:00:00+00:00,serie-a,"Regular Season - 13","Roma","Monza",0.7152,0.2007,0.0841,2.15,0.63,https://theopenmodel.com/match/roma-vs-monza-2026-11-29/
2026-11-29T18:30:00+00:00,bundesliga,"Regular Season - 11","Dortmund","Leverkusen",0.4759,0.2749,0.2492,1.64,1.14,https://theopenmodel.com/match/dortmund-vs-leverkusen-2026-11-29/
2026-11-29T19:45:00+00:00,serie-a,"Regular Season - 13","Como","Juventus",0.3756,0.2847,0.3397,1.43,1.35,https://theopenmodel.com/match/como-vs-juventus-2026-11-29/
2026-11-29T19:45:00+00:00,ligue-1,"Regular Season - 12","Lyon","Monaco",0.3953,0.2839,0.3209,1.47,1.31,https://theopenmodel.com/match/lyon-vs-monaco-2026-11-29/
2026-11-30T17:30:00+00:00,serie-a,"Regular Season - 13","Lecce","Atalanta",0.2319,0.2711,0.497,1.1,1.69,https://theopenmodel.com/match/lecce-vs-atalanta-2026-11-30/
2026-11-30T19:45:00+00:00,serie-a,"Regular Season - 13","Cagliari","Milan",0.2763,0.2794,0.4442,1.21,1.58,https://theopenmodel.com/match/cagliari-vs-milan-2026-11-30/
2026-12-02T20:00:00+00:00,premier-league,"Regular Season - 13","Newcastle","Man United",0.4341,0.2806,0.2853,1.56,1.23,https://theopenmodel.com/match/newcastle-vs-man-united-2026-12-02/
2026-12-02T20:00:00+00:00,premier-league,"Regular Season - 13","Bournemouth","Brighton",0.3203,0.2838,0.3958,1.31,1.47,https://theopenmodel.com/match/bournemouth-vs-brighton-2026-12-02/
2026-12-02T20:00:00+00:00,premier-league,"Regular Season - 13","Liverpool","Sunderland",0.6637,0.2225,0.1138,2.04,0.74,https://theopenmodel.com/match/liverpool-vs-sunderland-2026-12-02/
2026-12-02T20:00:00+00:00,premier-league,"Regular Season - 13","Tottenham","Fulham",0.3953,0.2839,0.3209,1.47,1.31,https://theopenmodel.com/match/tottenham-vs-fulham-2026-12-02/
2026-12-02T20:00:00+00:00,premier-league,"Regular Season - 13","Chelsea","Crystal Palace",0.5,0.2705,0.2295,1.69,1.09,https://theopenmodel.com/match/chelsea-vs-crystal-palace-2026-12-02/
2026-12-02T20:00:00+00:00,premier-league,"Regular Season - 13","Man City","Leeds",0.6614,0.2234,0.1152,2.03,0.75,https://theopenmodel.com/match/man-city-vs-leeds-2026-12-02/
2026-12-02T20:00:00+00:00,premier-league,"Regular Season - 13","Brentford","Arsenal",0.2447,0.274,0.4813,1.13,1.65,https://theopenmodel.com/match/brentford-vs-arsenal-2026-12-02/
2026-12-02T20:00:00+00:00,premier-league,"Regular Season - 13","Hull","Forest",0.2805,0.28,0.4395,1.22,1.57,https://theopenmodel.com/match/hull-vs-forest-2026-12-02/
2026-12-02T20:00:00+00:00,premier-league,"Regular Season - 13","Aston Villa","Everton",0.4365,0.2804,0.2831,1.56,1.22,https://theopenmodel.com/match/aston-villa-vs-everton-2026-12-02/
2026-12-02T20:00:00+00:00,premier-league,"Regular Season - 13","Coventry","Ipswich",0.3883,0.2842,0.3275,1.46,1.32,https://theopenmodel.com/match/coventry-vs-ipswich-2026-12-02/
2026-12-04T19:45:00+00:00,serie-a,"Regular Season - 14","Bologna","Roma",0.2309,0.2709,0.4982,1.09,1.69,https://theopenmodel.com/match/bologna-vs-roma-2026-12-04/
2026-12-05T00:00:00+00:00,bundesliga,"Regular Season - 12","Bayern München","Paderborn",0.8349,0.1366,0.0285,2.45,0.33,https://theopenmodel.com/match/bayern-munchen-vs-paderborn-2026-12-05/
2026-12-05T00:00:00+00:00,bundesliga,"Regular Season - 12","Freiburg","Hoffenheim",0.5325,0.2636,0.2039,1.76,1.02,https://theopenmodel.com/match/freiburg-vs-hoffenheim-2026-12-05/
2026-12-05T00:00:00+00:00,bundesliga,"Regular Season - 12","Leverkusen","Gladbach",0.6953,0.2095,0.0952,2.11,0.67,https://theopenmodel.com/match/leverkusen-vs-gladbach-2026-12-05/
2026-12-05T00:00:00+00:00,bundesliga,"Regular Season - 12","Frankfurt","Werder",0.4532,0.2783,0.2685,1.6,1.19,https://theopenmodel.com/match/frankfurt-vs-werder-2026-12-05/
2026-12-05T00:00:00+00:00,bundesliga,"Regular Season - 12","Augsburg","Köln",0.5277,0.2647,0.2076,1.75,1.03,https://theopenmodel.com/match/augsburg-vs-koln-2026-12-05/
2026-12-05T00:00:00+00:00,bundesliga,"Regular Season - 12","RB Leipzig","Mainz",0.4807,0.2741,0.2452,1.65,1.13,https://theopenmodel.com/match/rb-leipzig-vs-mainz-2026-12-05/
2026-12-05T00:00:00+00:00,bundesliga,"Regular Season - 12","Schalke","Dortmund",0.1285,0.2314,0.6401,0.8,1.99,https://theopenmodel.com/match/schalke-vs-dortmund-2026-12-05/
2026-12-05T00:00:00+00:00,bundesliga,"Regular Season - 12","Union Berlin","Hamburg",0.4508,0.2786,0.2706,1.59,1.19,https://theopenmodel.com/match/union-berlin-vs-hamburg-2026-12-05/
2026-12-05T00:00:00+00:00,bundesliga,"Regular Season - 12","Elversberg","Stuttgart",0.3029,0.2825,0.4146,1.27,1.51,https://theopenmodel.com/match/elversberg-vs-stuttgart-2026-12-05/
2026-12-05T00:00:00+00:00,ligue-1,"Regular Season - 13","Lille","Auxerre",0.6031,0.244,0.1529,1.91,0.87,https://theopenmodel.com/match/lille-vs-auxerre-2026-12-05/
2026-12-05T00:00:00+00:00,ligue-1,"Regular Season - 13","Marseille","Nice",0.5241,0.2655,0.2104,1.74,1.04,https://theopenmodel.com/match/marseille-vs-nice-2026-12-05/
2026-12-05T00:00:00+00:00,ligue-1,"Regular Season - 13","Monaco","Angers",0.6614,0.2234,0.1152,2.03,0.75,https://theopenmodel.com/match/monaco-vs-angers-2026-12-05/
2026-12-05T00:00:00+00:00,ligue-1,"Regular Season - 13","Strasbourg","Lorient",0.4964,0.2712,0.2324,1.69,1.1,https://theopenmodel.com/match/strasbourg-vs-lorient-2026-12-05/
2026-12-05T00:00:00+00:00,ligue-1,"Regular Season - 13","Toulouse","Paris SG",0.1422,0.2388,0.619,0.84,1.94,https://theopenmodel.com/match/toulouse-vs-paris-sg-2026-12-05/
2026-12-05T00:00:00+00:00,ligue-1,"Regular Season - 13","Troyes","Lyon",0.1665,0.25,0.5835,0.92,1.87,https://theopenmodel.com/match/troyes-vs-lyon-2026-12-05/
2026-12-05T00:00:00+00:00,ligue-1,"Regular Season - 13","Paris FC","Le Mans",0.5686,0.2543,0.1771,1.83,0.95,https://theopenmodel.com/match/paris-fc-vs-le-mans-2026-12-05/
2026-12-05T00:00:00+00:00,ligue-1,"Regular Season - 13","Lens","Le Havre",0.6453,0.2295,0.1252,2,0.78,https://theopenmodel.com/match/lens-vs-le-havre-2026-12-05/
2026-12-05T00:00:00+00:00,ligue-1,"Regular Season - 13","Rennes","Brest",0.5241,0.2655,0.2104,1.74,1.04,https://theopenmodel.com/match/rennes-vs-brest-2026-12-05/
2026-12-05T14:00:00+00:00,serie-a,"Regular Season - 14","Monza","Como",0.2194,0.268,0.5126,1.06,1.72,https://theopenmodel.com/match/monza-vs-como-2026-12-05/
2026-12-05T15:00:00+00:00,premier-league,"Regular Season - 14","Man United","Coventry",0.6325,0.2341,0.1334,1.97,0.81,https://theopenmodel.com/match/man-united-vs-coventry-2026-12-05/
2026-12-05T15:00:00+00:00,premier-league,"Regular Season - 14","Newcastle","Sunderland",0.5841,0.2499,0.1661,1.87,0.91,https://theopenmodel.com/match/newcastle-vs-sunderland-2026-12-05/
2026-12-05T15:00:00+00:00,premier-league,"Regular Season - 14","Bournemouth","Hull",0.6173,0.2394,0.1434,1.94,0.84,https://theopenmodel.com/match/bournemouth-vs-hull-2026-12-05/
2026-12-05T15:00:00+00:00,premier-league,"Regular Season - 14","Everton","Fulham",0.4892,0.2726,0.2383,1.67,1.11,https://theopenmodel.com/match/everton-vs-fulham-2026-12-05/
2026-12-05T15:00:00+00:00,premier-league,"Regular Season - 14","Tottenham","Arsenal",0.1391,0.2372,0.6237,0.83,1.95,https://theopenmodel.com/match/tottenham-vs-arsenal-2026-12-05/
2026-12-05T15:00:00+00:00,premier-league,"Regular Season - 14","Chelsea","Liverpool",0.3325,0.2845,0.3831,1.34,1.45,https://theopenmodel.com/match/chelsea-vs-liverpool-2026-12-05/
2026-12-05T15:00:00+00:00,premier-league,"Regular Season - 14","Brentford","Man City",0.2299,0.2707,0.4994,1.09,1.69,https://theopenmodel.com/match/brentford-vs-man-city-2026-12-05/
2026-12-05T15:00:00+00:00,premier-league,"Regular Season - 14","Leeds","Ipswich",0.5912,0.2477,0.1611,1.88,0.9,https://theopenmodel.com/match/leeds-vs-ipswich-2026-12-05/
2026-12-05T15:00:00+00:00,premier-league,"Regular Season - 14","Forest","Brighton",0.266,0.2779,0.4562,1.18,1.6,https://theopenmodel.com/match/forest-vs-brighton-2026-12-05/
2026-12-05T15:00:00+00:00,premier-league,"Regular Season - 14","Aston Villa","Crystal Palace",0.4892,0.2726,0.2383,1.67,1.11,https://theopenmodel.com/match/aston-villa-vs-crystal-palace-2026-12-05/
2026-12-05T17:00:00+00:00,serie-a,"Regular Season - 14","Frosinone","Internazionale",0.1845,0.2571,0.5584,0.97,1.81,https://theopenmodel.com/match/frosinone-vs-internazionale-2026-12-05/
2026-12-05T19:45:00+00:00,serie-a,"Regular Season - 14","Napoli","Lecce",0.6683,0.2207,0.111,2.05,0.73,https://theopenmodel.com/match/napoli-vs-lecce-2026-12-05/
2026-12-06T00:00:00+00:00,la-liga,"Regular Season - 15","Barcelona","Celta",0.7923,0.1618,0.0459,2.34,0.44,https://theopenmodel.com/match/barcelona-vs-celta-2026-12-06/
2026-12-06T00:00:00+00:00,la-liga,"Regular Season - 15","Atlético","Betis",0.4976,0.271,0.2314,1.69,1.09,https://theopenmodel.com/match/atletico-vs-betis-2026-12-06/
2026-12-06T00:00:00+00:00,la-liga,"Regular Season - 15","Bilbao","Real Madrid",0.1205,0.2267,0.6528,0.77,2.01,https://theopenmodel.com/match/bilbao-vs-real-madrid-2026-12-06/
2026-12-06T00:00:00+00:00,la-liga,"Regular Season - 15","Villarreal","Real Sociedad",0.4341,0.2806,0.2853,1.56,1.23,https://theopenmodel.com/match/villarreal-vs-real-sociedad-2026-12-06/
2026-12-06T00:00:00+00:00,la-liga,"Regular Season - 15","Sevilla","Malaga",0.547,0.26,0.193,1.79,0.99,https://theopenmodel.com/match/sevilla-vs-malaga-2026-12-06/
2026-12-06T00:00:00+00:00,la-liga,"Regular Season - 15","Alaves","Espanyol",0.4615,0.2771,0.2613,1.61,1.17,https://theopenmodel.com/match/alaves-vs-espanyol-2026-12-06/
2026-12-06T00:00:00+00:00,la-liga,"Regular Season - 15","Getafe","Valencia",0.3756,0.2847,0.3397,1.43,1.35,https://theopenmodel.com/match/getafe-vs-valencia-2026-12-06/
2026-12-06T00:00:00+00:00,la-liga,"Regular Season - 15","Osasuna","Elche",0.4128,0.2827,0.3045,1.51,1.27,https://theopenmodel.com/match/osasuna-vs-elche-2026-12-06/
2026-12-06T00:00:00+00:00,la-liga,"Regular Season - 15","Rayo Vallecano","Levante",0.4592,0.2775,0.2634,1.61,1.17,https://theopenmodel.com/match/rayo-vallecano-vs-levante-2026-12-06/
2026-12-06T00:00:00+00:00,la-liga,"Regular Season - 15","Santander","Depor",0.3698,0.2848,0.3454,1.42,1.36,https://theopenmodel.com/match/santander-vs-depor-2026-12-06/
2026-12-06T11:30:00+00:00,serie-a,"Regular Season - 14","Genoa","Torino",0.3584,0.2849,0.3567,1.39,1.39,https://theopenmodel.com/match/genoa-vs-torino-2026-12-06/
2026-12-06T14:00:00+00:00,serie-a,"Regular Season - 14","Lazio","Atalanta",0.4424,0.2797,0.2779,1.57,1.21,https://theopenmodel.com/match/lazio-vs-atalanta-2026-12-06/
2026-12-06T17:00:00+00:00,serie-a,"Regular Season - 14","Juventus","Udinese",0.6078,0.2425,0.1497,1.92,0.86,https://theopenmodel.com/match/juventus-vs-udinese-2026-12-06/
2026-12-06T19:45:00+00:00,serie-a,"Regular Season - 14","Milan","Parma",0.6637,0.2225,0.1138,2.04,0.74,https://theopenmodel.com/match/milan-vs-parma-2026-12-06/
2026-12-07T17:30:00+00:00,serie-a,"Regular Season - 14","Venezia","Sassuolo",0.3018,0.2824,0.4158,1.27,1.52,https://theopenmodel.com/match/venezia-vs-sassuolo-2026-12-07/
2026-12-07T19:45:00+00:00,serie-a,"Regular Season - 14","Fiorentina","Cagliari",0.3652,0.2849,0.3499,1.41,1.37,https://theopenmodel.com/match/fiorentina-vs-cagliari-2026-12-07/
2026-12-11T19:45:00+00:00,serie-a,"Regular Season - 15","Udinese","Frosinone",0.3664,0.2849,0.3487,1.41,1.37,https://theopenmodel.com/match/udinese-vs-frosinone-2026-12-11/
2026-12-12T00:00:00+00:00,bundesliga,"Regular Season - 13","Werder","Leverkusen",0.2319,0.2711,0.497,1.1,1.69,https://theopenmodel.com/match/werder-vs-leverkusen-2026-12-12/
2026-12-12T00:00:00+00:00,bundesliga,"Regular Season - 13","Gladbach","Frankfurt",0.2964,0.2819,0.4217,1.25,1.53,https://theopenmodel.com/match/gladbach-vs-frankfurt-2026-12-12/
2026-12-12T00:00:00+00:00,bundesliga,"Regular Season - 13","Mainz","Freiburg",0.3358,0.2846,0.3796,1.34,1.44,https://theopenmodel.com/match/mainz-vs-freiburg-2026-12-12/
2026-12-12T00:00:00+00:00,bundesliga,"Regular Season - 13","Dortmund","Augsburg",0.6266,0.2362,0.1372,1.96,0.82,https://theopenmodel.com/match/dortmund-vs-augsburg-2026-12-12/
2026-12-12T00:00:00+00:00,bundesliga,"Regular Season - 13","Hoffenheim","Bayern München",0.0993,0.2126,0.6881,0.69,2.09,https://theopenmodel.com/match/hoffenheim-vs-bayern-munchen-2026-12-12/
2026-12-12T00:00:00+00:00,bundesliga,"Regular Season - 13","Stuttgart","Union Berlin",0.5686,0.2543,0.1771,1.83,0.95,https://theopenmodel.com/match/stuttgart-vs-union-berlin-2026-12-12/
2026-12-12T00:00:00+00:00,bundesliga,"Regular Season - 13","Hamburg","Schalke",0.414,0.2826,0.3034,1.51,1.27,https://theopenmodel.com/match/hamburg-vs-schalke-2026-12-12/
2026-12-12T00:00:00+00:00,bundesliga,"Regular Season - 13","Paderborn","Elversberg",0.3802,0.2846,0.3353,1.44,1.34,https://theopenmodel.com/match/paderborn-vs-elversberg-2026-12-12/
2026-12-12T00:00:00+00:00,bundesliga,"Regular Season - 13","Köln","RB Leipzig",0.2467,0.2744,0.4789,1.13,1.65,https://theopenmodel.com/match/koln-vs-rb-leipzig-2026-12-12/
2026-12-12T00:00:00+00:00,ligue-1,"Regular Season - 14","Angers","Strasbourg",0.2868,0.2808,0.4323,1.23,1.55,https://theopenmodel.com/match/angers-vs-strasbourg-2026-12-12/
2026-12-12T00:00:00+00:00,ligue-1,"Regular Season - 14","Nice","Lens",0.2701,0.2785,0.4514,1.19,1.59,https://theopenmodel.com/match/nice-vs-lens-2026-12-12/
2026-12-12T00:00:00+00:00,ligue-1,"Regular Season - 14","Paris SG","Paris FC",0.6603,0.2238,0.1159,2.03,0.75,https://theopenmodel.com/match/paris-sg-vs-paris-fc-2026-12-12/
2026-12-12T00:00:00+00:00,ligue-1,"Regular Season - 14","Lorient","Lille",0.2816,0.2802,0.4383,1.22,1.56,https://theopenmodel.com/match/lorient-vs-lille-2026-12-12/
2026-12-12T00:00:00+00:00,ligue-1,"Regular Season - 14","Brest","Troyes",0.5084,0.2689,0.2227,1.71,1.07,https://theopenmodel.com/match/brest-vs-troyes-2026-12-12/
2026-12-12T00:00:00+00:00,ligue-1,"Regular Season - 14","Auxerre","Toulouse",0.3675,0.2849,0.3476,1.41,1.37,https://theopenmodel.com/match/auxerre-vs-toulouse-2026-12-12/
2026-12-12T00:00:00+00:00,ligue-1,"Regular Season - 14","Le Havre","Le Mans",0.3894,0.2842,0.3264,1.46,1.32,https://theopenmodel.com/match/le-havre-vs-le-mans-2026-12-12/
2026-12-12T00:00:00+00:00,ligue-1,"Regular Season - 14","Rennes","Monaco",0.3181,0.2837,0.3982,1.3,1.48,https://theopenmodel.com/match/rennes-vs-monaco-2026-12-12/
2026-12-12T14:00:00+00:00,serie-a,"Regular Season - 15","Cagliari","Venezia",0.5542,0.2582,0.1876,1.81,0.98,https://theopenmodel.com/match/cagliari-vs-venezia-2026-12-12/
2026-12-12T15:00:00+00:00,premier-league,"Regular Season - 15","Fulham","Brentford",0.2975,0.282,0.4205,1.26,1.53,https://theopenmodel.com/match/fulham-vs-brentford-2026-12-12/
2026-12-12T15:00:00+00:00,premier-league,"Regular Season - 15","Liverpool","Leeds",0.5313,0.2638,0.2048,1.76,1.02,https://theopenmodel.com/match/liverpool-vs-leeds-2026-12-12/
2026-12-12T15:00:00+00:00,premier-league,"Regular Season - 15","Arsenal","Bournemouth",0.6441,0.2299,0.126,2,0.79,https://theopenmodel.com/match/arsenal-vs-bournemouth-2026-12-12/
2026-12-12T15:00:00+00:00,premier-league,"Regular Season - 15","Man City","Chelsea",0.6301,0.2349,0.1349,1.97,0.82,https://theopenmodel.com/match/man-city-vs-chelsea-2026-12-12/
2026-12-12T15:00:00+00:00,premier-league,"Regular Season - 15","Brighton","Everton",0.5132,0.2679,0.2189,1.72,1.06,https://theopenmodel.com/match/brighton-vs-everton-2026-12-12/
2026-12-12T15:00:00+00:00,premier-league,"Regular Season - 15","Crystal Palace","Man United",0.3471,0.2849,0.3681,1.37,1.41,https://theopenmodel.com/match/crystal-palace-vs-man-united-2026-12-12/
2026-12-12T15:00:00+00:00,premier-league,"Regular Season - 15","Ipswich","Newcastle",0.2213,0.2685,0.5102,1.07,1.71,https://theopenmodel.com/match/ipswich-vs-newcastle-2026-12-12/
2026-12-12T15:00:00+00:00,premier-league,"Regular Season - 15","Hull","Tottenham",0.3116,0.2832,0.4052,1.29,1.49,https://theopenmodel.com/match/hull-vs-tottenham-2026-12-12/
2026-12-12T15:00:00+00:00,premier-league,"Regular Season - 15","Sunderland","Forest",0.3437,0.2848,0.3715,1.36,1.42,https://theopenmodel.com/match/sunderland-vs-forest-2026-12-12/
2026-12-12T15:00:00+00:00,premier-league,"Regular Season - 15","Coventry","Aston Villa",0.2118,0.2659,0.5223,1.04,1.74,https://theopenmodel.com/match/coventry-vs-aston-villa-2026-12-12/
2026-12-12T17:00:00+00:00,serie-a,"Regular Season - 15","Lecce","Sassuolo",0.3181,0.2837,0.3982,1.3,1.48,https://theopenmodel.com/match/lecce-vs-sassuolo-2026-12-12/
2026-12-12T19:45:00+00:00,serie-a,"Regular Season - 15","Como","Bologna",0.5241,0.2655,0.2104,1.74,1.04,https://theopenmodel.com/match/como-vs-bologna-2026-12-12/
2026-12-13T00:00:00+00:00,la-liga,"Regular Season - 16","Atlético","Valencia",0.6313,0.2345,0.1342,1.97,0.81,https://theopenmodel.com/match/atletico-vs-valencia-2026-12-13/
2026-12-13T00:00:00+00:00,la-liga,"Regular Season - 16","Villarreal","Rayo Vallecano",0.4687,0.276,0.2552,1.63,1.15,https://theopenmodel.com/match/villarreal-vs-rayo-vallecano-2026-12-13/
2026-12-13T00:00:00+00:00,la-liga,"Regular Season - 16","Malaga","Barcelona",0.0506,0.1675,0.7819,0.47,2.31,https://theopenmodel.com/match/malaga-vs-barcelona-2026-12-13/
2026-12-13T00:00:00+00:00,la-liga,"Regular Season - 16","Levante","Alaves",0.3721,0.2848,0.3431,1.42,1.36,https://theopenmodel.com/match/levante-vs-alaves-2026-12-13/
2026-12-13T00:00:00+00:00,la-liga,"Regular Season - 16","Espanyol","Celta",0.3767,0.2847,0.3386,1.43,1.35,https://theopenmodel.com/match/espanyol-vs-celta-2026-12-13/
2026-12-13T00:00:00+00:00,la-liga,"Regular Season - 16","Real Madrid","Osasuna",0.7357,0.1911,0.0731,2.2,0.58,https://theopenmodel.com/match/real-madrid-vs-osasuna-2026-12-13/
2026-12-13T00:00:00+00:00,la-liga,"Regular Season - 16","Betis","Santander",0.6066,0.2429,0.1505,1.92,0.87,https://theopenmodel.com/match/betis-vs-santander-2026-12-13/
2026-12-13T00:00:00+00:00,la-liga,"Regular Season - 16","Depor","Bilbao",0.4508,0.2786,0.2706,1.59,1.19,https://theopenmodel.com/match/depor-vs-bilbao-2026-12-13/
2026-12-13T00:00:00+00:00,la-liga,"Regular Season - 16","Real Sociedad","Getafe",0.5108,0.2684,0.2208,1.72,1.07,https://theopenmodel.com/match/real-sociedad-vs-getafe-2026-12-13/
2026-12-13T00:00:00+00:00,la-liga,"Regular Season - 16","Elche","Sevilla",0.355,0.2849,0.3601,1.39,1.4,https://theopenmodel.com/match/elche-vs-sevilla-2026-12-13/
2026-12-13T11:30:00+00:00,serie-a,"Regular Season - 15","Lazio","Roma",0.3214,0.2839,0.3947,1.31,1.47,https://theopenmodel.com/match/lazio-vs-roma-2026-12-13/
2026-12-13T14:00:00+00:00,serie-a,"Regular Season - 15","Internazionale","Torino",0.7336,0.1921,0.0743,2.2,0.59,https://theopenmodel.com/match/internazionale-vs-torino-2026-12-13/
2026-12-13T17:00:00+00:00,serie-a,"Regular Season - 15","Parma","Fiorentina",0.3618,0.2849,0.3533,1.4,1.38,https://theopenmodel.com/match/parma-vs-fiorentina-2026-12-13/
2026-12-13T19:45:00+00:00,serie-a,"Regular Season - 15","Napoli","Milan",0.4011,0.2835,0.3154,1.49,1.3,https://theopenmodel.com/match/napoli-vs-milan-2026-12-13/
2026-12-13T19:45:00+00:00,ligue-1,"Regular Season - 14","Lyon","Marseille",0.5084,0.2689,0.2227,1.71,1.07,https://theopenmodel.com/match/lyon-vs-marseille-2026-12-13/
2026-12-14T17:30:00+00:00,serie-a,"Regular Season - 15","Atalanta","Genoa",0.6078,0.2425,0.1497,1.92,0.86,https://theopenmodel.com/match/atalanta-vs-genoa-2026-12-14/
2026-12-14T19:45:00+00:00,serie-a,"Regular Season - 15","Juventus","Monza",0.6671,0.2211,0.1117,2.04,0.74,https://theopenmodel.com/match/juventus-vs-monza-2026-12-14/
2026-12-18T17:30:00+00:00,serie-a,"Regular Season - 16","Frosinone","Lazio",0.3192,0.2838,0.397,1.31,1.48,https://theopenmodel.com/match/frosinone-vs-lazio-2026-12-18/
2026-12-18T19:45:00+00:00,serie-a,"Regular Season - 16","Lecce","Internazionale",0.1013,0.214,0.6847,0.7,2.08,https://theopenmodel.com/match/lecce-vs-internazionale-2026-12-18/
2026-12-19T00:00:00+00:00,bundesliga,"Regular Season - 14","Bayern München","Werder",0.8021,0.1563,0.0417,2.36,0.42,https://theopenmodel.com/match/bayern-munchen-vs-werder-2026-12-19/
2026-12-19T00:00:00+00:00,bundesliga,"Regular Season - 14","Freiburg","Stuttgart",0.4353,0.2805,0.2842,1.56,1.22,https://theopenmodel.com/match/freiburg-vs-stuttgart-2026-12-19/
2026-12-19T00:00:00+00:00,bundesliga,"Regular Season - 14","Mainz","Köln",0.5289,0.2644,0.2067,1.75,1.03,https://theopenmodel.com/match/mainz-vs-koln-2026-12-19/
2026-12-19T00:00:00+00:00,bundesliga,"Regular Season - 14","Leverkusen","Frankfurt",0.5745,0.2526,0.1728,1.85,0.93,https://theopenmodel.com/match/leverkusen-vs-frankfurt-2026-12-19/
2026-12-19T00:00:00+00:00,bundesliga,"Regular Season - 14","Augsburg","Paderborn",0.5048,0.2696,0.2256,1.7,1.08,https://theopenmodel.com/match/augsburg-vs-paderborn-2026-12-19/
2026-12-19T00:00:00+00:00,bundesliga,"Regular Season - 14","RB Leipzig","Dortmund",0.2784,0.2797,0.4418,1.21,1.57,https://theopenmodel.com/match/rb-leipzig-vs-dortmund-2026-12-19/
2026-12-19T00:00:00+00:00,bundesliga,"Regular Season - 14","Schalke","Gladbach",0.4175,0.2823,0.3002,1.52,1.26,https://theopenmodel.com/match/schalke-vs-gladbach-2026-12-19/
2026-12-19T00:00:00+00:00,bundesliga,"Regular Season - 14","Union Berlin","Hoffenheim",0.3584,0.2849,0.3567,1.39,1.39,https://theopenmodel.com/match/union-berlin-vs-hoffenheim-2026-12-19/
2026-12-19T00:00:00+00:00,bundesliga,"Regular Season - 14","Elversberg","Hamburg",0.488,0.2728,0.2392,1.67,1.11,https://theopenmodel.com/match/elversberg-vs-hamburg-2026-12-19/
2026-12-19T14:00:00+00:00,serie-a,"Regular Season - 16","Sassuolo","Parma",0.4964,0.2712,0.2324,1.69,1.1,https://theopenmodel.com/match/sassuolo-vs-parma-2026-12-19/
2026-12-19T15:00:00+00:00,premier-league,"Regular Season - 16","Bournemouth","Coventry",0.6173,0.2394,0.1434,1.94,0.84,https://theopenmodel.com/match/bournemouth-vs-coventry-2026-12-19/
2026-12-19T15:00:00+00:00,premier-league,"Regular Season - 16","Liverpool","Tottenham",0.6266,0.2362,0.1372,1.96,0.82,https://theopenmodel.com/match/liverpool-vs-tottenham-2026-12-19/
2026-12-19T15:00:00+00:00,premier-league,"Regular Season - 16","Arsenal","Man United",0.629,0.2354,0.1357,1.96,0.82,https://theopenmodel.com/match/arsenal-vs-man-united-2026-12-19/
2026-12-19T15:00:00+00:00,premier-league,"Regular Season - 16","Chelsea","Aston Villa",0.4246,0.2816,0.2938,1.54,1.25,https://theopenmodel.com/match/chelsea-vs-aston-villa-2026-12-19/
2026-12-19T15:00:00+00:00,premier-league,"Regular Season - 16","Man City","Hull",0.8376,0.1349,0.0275,2.46,0.32,https://theopenmodel.com/match/man-city-vs-hull-2026-12-19/
2026-12-19T15:00:00+00:00,premier-league,"Regular Season - 16","Brighton","Ipswich",0.6864,0.2133,0.1003,2.09,0.69,https://theopenmodel.com/match/brighton-vs-ipswich-2026-12-19/
2026-12-19T15:00:00+00:00,premier-league,"Regular Season - 16","Brentford","Newcastle",0.4246,0.2816,0.2938,1.54,1.25,https://theopenmodel.com/match/brentford-vs-newcastle-2026-12-19/
2026-12-19T15:00:00+00:00,premier-league,"Regular Season - 16","Leeds","Fulham",0.4904,0.2724,0.2373,1.67,1.11,https://theopenmodel.com/match/leeds-vs-fulham-2026-12-19/
2026-12-19T15:00:00+00:00,premier-league,"Regular Season - 16","Forest","Everton",0.3561,0.2849,0.3589,1.39,1.39,https://theopenmodel.com/match/forest-vs-everton-2026-12-19/
2026-12-19T15:00:00+00:00,premier-league,"Regular Season - 16","Sunderland","Crystal Palace",0.3369,0.2846,0.3784,1.35,1.44,https://theopenmodel.com/match/sunderland-vs-crystal-palace-2026-12-19/
2026-12-19T17:00:00+00:00,serie-a,"Regular Season - 16","Milan","Como",0.4484,0.2789,0.2727,1.58,1.2,https://theopenmodel.com/match/milan-vs-como-2026-12-19/
2026-12-19T19:45:00+00:00,serie-a,"Regular Season - 16","Roma","Juventus",0.4651,0.2766,0.2583,1.62,1.16,https://theopenmodel.com/match/roma-vs-juventus-2026-12-19/
2026-12-20T00:00:00+00:00,la-liga,"Regular Season - 17","Barcelona","Real Sociedad",0.7527,0.1828,0.0645,2.24,0.54,https://theopenmodel.com/match/barcelona-vs-real-sociedad-2026-12-20/
2026-12-20T00:00:00+00:00,la-liga,"Regular Season - 17","Bilbao","Betis",0.2447,0.274,0.4813,1.13,1.65,https://theopenmodel.com/match/bilbao-vs-betis-2026-12-20/
2026-12-20T00:00:00+00:00,la-liga,"Regular Season - 17","Valencia","Espanyol",0.4412,0.2798,0.2789,1.57,1.21,https://theopenmodel.com/match/valencia-vs-espanyol-2026-12-20/
2026-12-20T00:00:00+00:00,la-liga,"Regular Season - 17","Sevilla","Santander",0.512,0.2681,0.2198,1.72,1.06,https://theopenmodel.com/match/sevilla-vs-santander-2026-12-20/
2026-12-20T00:00:00+00:00,la-liga,"Regular Season - 17","Celta","Atlético",0.2261,0.2697,0.5042,1.08,1.7,https://theopenmodel.com/match/celta-vs-atletico-2026-12-20/
2026-12-20T00:00:00+00:00,la-liga,"Regular Season - 17","Alaves","Elche",0.4556,0.278,0.2665,1.6,1.18,https://theopenmodel.com/match/alaves-vs-elche-2026-12-20/
2026-12-20T00:00:00+00:00,la-liga,"Regular Season - 17","Depor","Real Madrid",0.1438,0.2396,0.6167,0.85,1.94,https://theopenmodel.com/match/depor-vs-real-madrid-2026-12-20/
2026-12-20T00:00:00+00:00,la-liga,"Regular Season - 17","Getafe","Levante",0.3976,0.2837,0.3187,1.48,1.3,https://theopenmodel.com/match/getafe-vs-levante-2026-12-20/
2026-12-20T00:00:00+00:00,la-liga,"Regular Season - 17","Osasuna","Villarreal",0.3181,0.2837,0.3982,1.3,1.48,https://theopenmodel.com/match/osasuna-vs-villarreal-2026-12-20/
2026-12-20T00:00:00+00:00,la-liga,"Regular Season - 17","Rayo Vallecano","Malaga",0.5301,0.2641,0.2058,1.76,1.03,https://theopenmodel.com/match/rayo-vallecano-vs-malaga-2026-12-20/
2026-12-20T11:30:00+00:00,serie-a,"Regular Season - 16","Fiorentina","Bologna",0.3629,0.2849,0.3521,1.4,1.38,https://theopenmodel.com/match/fiorentina-vs-bologna-2026-12-20/
2026-12-20T14:00:00+00:00,serie-a,"Regular Season - 16","Torino","Cagliari",0.3572,0.285,0.3578,1.39,1.39,https://theopenmodel.com/match/torino-vs-cagliari-2026-12-20/
2026-12-20T14:00:00+00:00,serie-a,"Regular Season - 16","Venezia","Monza",0.3779,0.2846,0.3375,1.44,1.35,https://theopenmodel.com/match/venezia-vs-monza-2026-12-20/
2026-12-20T17:00:00+00:00,serie-a,"Regular Season - 16","Genoa","Udinese",0.3425,0.2848,0.3727,1.36,1.42,https://theopenmodel.com/match/genoa-vs-udinese-2026-12-20/
2026-12-20T19:45:00+00:00,serie-a,"Regular Season - 16","Atalanta","Napoli",0.3595,0.2849,0.3555,1.4,1.39,https://theopenmodel.com/match/atalanta-vs-napoli-2026-12-20/
2026-12-26T12:30:00+00:00,premier-league,"Regular Season - 17","Aston Villa","Leeds",0.4353,0.2805,0.2842,1.56,1.22,https://theopenmodel.com/match/aston-villa-vs-leeds-2026-12-26/
2026-12-26T15:00:00+00:00,premier-league,"Regular Season - 17","Fulham","Brighton",0.2527,0.2756,0.4717,1.15,1.63,https://theopenmodel.com/match/fulham-vs-brighton-2026-12-26/
2026-12-26T15:00:00+00:00,premier-league,"Regular Season - 17","Everton","Sunderland",0.547,0.26,0.193,1.79,0.99,https://theopenmodel.com/match/everton-vs-sunderland-2026-12-26/
2026-12-26T15:00:00+00:00,premier-league,"Regular Season - 17","Tottenham","Bournemouth",0.3225,0.284,0.3935,1.31,1.47,https://theopenmodel.com/match/tottenham-vs-bournemouth-2026-12-26/
2026-12-26T15:00:00+00:00,premier-league,"Regular Season - 17","Ipswich","Brentford",0.2128,0.2662,0.5211,1.05,1.74,https://theopenmodel.com/match/ipswich-vs-brentford-2026-12-26/
2026-12-26T17:30:00+00:00,premier-league,"Regular Season - 17","Hull","Liverpool",0.143,0.2392,0.6178,0.84,1.94,https://theopenmodel.com/match/hull-vs-liverpool-2026-12-26/
2026-12-26T20:00:00+00:00,premier-league,"Regular Season - 17","Newcastle","Man City",0.2213,0.2685,0.5102,1.07,1.71,https://theopenmodel.com/match/newcastle-vs-man-city-2026-12-26/
2026-12-27T14:00:00+00:00,premier-league,"Regular Season - 17","Coventry","Chelsea",0.2035,0.2634,0.5331,1.02,1.76,https://theopenmodel.com/match/coventry-vs-chelsea-2026-12-27/
2026-12-27T16:30:00+00:00,premier-league,"Regular Season - 17","Man United","Forest",0.4904,0.2724,0.2373,1.67,1.11,https://theopenmodel.com/match/man-united-vs-forest-2026-12-27/
2026-12-27T19:00:00+00:00,premier-league,"Regular Season - 17","Crystal Palace","Arsenal",0.1673,0.2504,0.5823,0.92,1.86,https://theopenmodel.com/match/crystal-palace-vs-arsenal-2026-12-27/
2026-12-29T19:30:00+00:00,premier-league,"Regular Season - 18","Tottenham","Brighton",0.2368,0.2723,0.491,1.11,1.67,https://theopenmodel.com/match/tottenham-vs-brighton-2026-12-29/
2026-12-29T19:30:00+00:00,premier-league,"Regular Season - 18","Hull","Leeds",0.229,0.2704,0.5006,1.09,1.69,https://theopenmodel.com/match/hull-vs-leeds-2026-12-29/
2026-12-29T20:15:00+00:00,premier-league,"Regular Season - 18","Everton","Man City",0.1925,0.2599,0.5476,0.99,1.79,https://theopenmodel.com/match/everton-vs-man-city-2026-12-29/
2026-12-30T19:30:00+00:00,premier-league,"Regular Season - 18","Man United","Sunderland",0.5638,0.2556,0.1806,1.83,0.96,https://theopenmodel.com/match/man-united-vs-sunderland-2026-12-30/
2026-12-30T19:30:00+00:00,premier-league,"Regular Season - 18","Newcastle","Forest",0.5108,0.2684,0.2208,1.72,1.07,https://theopenmodel.com/match/newcastle-vs-forest-2026-12-30/
2026-12-30T19:30:00+00:00,premier-league,"Regular Season - 18","Fulham","Arsenal",0.1517,0.2434,0.6049,0.87,1.91,https://theopenmodel.com/match/fulham-vs-arsenal-2026-12-30/
2026-12-30T19:30:00+00:00,premier-league,"Regular Season - 18","Crystal Palace","Bournemouth",0.3618,0.2849,0.3533,1.4,1.38,https://theopenmodel.com/match/crystal-palace-vs-bournemouth-2026-12-30/
2026-12-30T19:30:00+00:00,premier-league,"Regular Season - 18","Coventry","Brentford",0.1925,0.2599,0.5476,0.99,1.79,https://theopenmodel.com/match/coventry-vs-brentford-2026-12-30/
2026-12-30T20:15:00+00:00,premier-league,"Regular Season - 18","Ipswich","Chelsea",0.2241,0.2692,0.5066,1.08,1.71,https://theopenmodel.com/match/ipswich-vs-chelsea-2026-12-30/
2026-12-30T20:15:00+00:00,premier-league,"Regular Season - 18","Aston Villa","Liverpool",0.3225,0.284,0.3935,1.31,1.47,https://theopenmodel.com/match/aston-villa-vs-liverpool-2026-12-30/
2027-01-01T20:00:00+00:00,premier-league,"Regular Season - 19","Leeds","Everton",0.4152,0.2825,0.3023,1.52,1.27,https://theopenmodel.com/match/leeds-vs-everton-2027-01-01/
2027-01-02T00:00:00+00:00,ligue-1,"Regular Season - 15","Lille","Strasbourg",0.4723,0.2755,0.2522,1.64,1.15,https://theopenmodel.com/match/lille-vs-strasbourg-2027-01-02/
2027-01-02T00:00:00+00:00,ligue-1,"Regular Season - 15","Monaco","Nice",0.6371,0.2325,0.1304,1.98,0.8,https://theopenmodel.com/match/monaco-vs-nice-2027-01-02/
2027-01-02T00:00:00+00:00,ligue-1,"Regular Season - 15","Toulouse","Angers",0.4663,0.2764,0.2573,1.62,1.16,https://theopenmodel.com/match/toulouse-vs-angers-2027-01-02/
2027-01-02T00:00:00+00:00,ligue-1,"Regular Season - 15","Lorient","Auxerre",0.4615,0.2771,0.2613,1.61,1.17,https://theopenmodel.com/match/lorient-vs-auxerre-2027-01-02/
2027-01-02T00:00:00+00:00,ligue-1,"Regular Season - 15","Brest","Marseille",0.3214,0.2839,0.3947,1.31,1.47,https://theopenmodel.com/match/brest-vs-marseille-2027-01-02/
2027-01-02T00:00:00+00:00,ligue-1,"Regular Season - 15","Paris FC","Le Havre",0.5936,0.247,0.1594,1.89,0.89,https://theopenmodel.com/match/paris-fc-vs-le-havre-2027-01-02/
2027-01-02T00:00:00+00:00,ligue-1,"Regular Season - 15","Le Mans","Lyon",0.1872,0.258,0.5548,0.98,1.81,https://theopenmodel.com/match/le-mans-vs-lyon-2027-01-02/
2027-01-02T00:00:00+00:00,ligue-1,"Regular Season - 15","Troyes","Rennes",0.228,0.2702,0.5018,1.08,1.7,https://theopenmodel.com/match/troyes-vs-rennes-2027-01-02/
2027-01-02T11:30:00+00:00,serie-a,"Regular Season - 17","Cagliari","Genoa",0.5301,0.2641,0.2058,1.76,1.03,https://theopenmodel.com/match/cagliari-vs-genoa-2027-01-02/
2027-01-02T12:30:00+00:00,premier-league,"Regular Season - 19","Brighton","Man United",0.4964,0.2712,0.2324,1.69,1.1,https://theopenmodel.com/match/brighton-vs-man-united-2027-01-02/
2027-01-02T14:00:00+00:00,serie-a,"Regular Season - 17","Fiorentina","Lazio",0.268,0.2782,0.4538,1.19,1.6,https://theopenmodel.com/match/fiorentina-vs-lazio-2027-01-02/
2027-01-02T14:00:00+00:00,serie-a,"Regular Season - 17","Torino","Venezia",0.4952,0.2715,0.2333,1.68,1.1,https://theopenmodel.com/match/torino-vs-venezia-2027-01-02/
2027-01-02T15:00:00+00:00,premier-league,"Regular Season - 19","Liverpool","Coventry",0.7282,0.1947,0.0771,2.18,0.6,https://theopenmodel.com/match/liverpool-vs-coventry-2027-01-02/
2027-01-02T15:00:00+00:00,premier-league,"Regular Season - 19","Arsenal","Ipswich",0.803,0.1557,0.0413,2.37,0.42,https://theopenmodel.com/match/arsenal-vs-ipswich-2027-01-02/
2027-01-02T15:00:00+00:00,premier-league,"Regular Season - 19","Brentford","Crystal Palace",0.5145,0.2676,0.2179,1.72,1.06,https://theopenmodel.com/match/brentford-vs-crystal-palace-2027-01-02/
2027-01-02T15:00:00+00:00,premier-league,"Regular Season - 19","Forest","Fulham",0.4294,0.2811,0.2895,1.55,1.24,https://theopenmodel.com/match/forest-vs-fulham-2027-01-02/
2027-01-02T15:00:00+00:00,premier-league,"Regular Season - 19","Sunderland","Hull",0.4831,0.2737,0.2432,1.66,1.12,https://theopenmodel.com/match/sunderland-vs-hull-2027-01-02/
2027-01-02T17:00:00+00:00,serie-a,"Regular Season - 17","Roma","Frosinone",0.6102,0.2417,0.1481,1.92,0.86,https://theopenmodel.com/match/roma-vs-frosinone-2027-01-02/
2027-01-02T17:30:00+00:00,premier-league,"Regular Season - 19","Bournemouth","Aston Villa",0.3929,0.284,0.3231,1.47,1.31,https://theopenmodel.com/match/bournemouth-vs-aston-villa-2027-01-02/
2027-01-02T19:45:00+00:00,serie-a,"Regular Season - 17","Monza","Milan",0.1925,0.2599,0.5476,0.99,1.79,https://theopenmodel.com/match/monza-vs-milan-2027-01-02/
2027-01-03T00:00:00+00:00,la-liga,"Regular Season - 18","Villarreal","Sevilla",0.452,0.2785,0.2696,1.59,1.19,https://theopenmodel.com/match/villarreal-vs-sevilla-2027-01-03/
2027-01-03T00:00:00+00:00,la-liga,"Regular Season - 18","Malaga","Elche",0.3448,0.2848,0.3704,1.36,1.42,https://theopenmodel.com/match/malaga-vs-elche-2027-01-03/
2027-01-03T00:00:00+00:00,la-liga,"Regular Season - 18","Celta","Depor",0.4377,0.2802,0.2821,1.56,1.22,https://theopenmodel.com/match/celta-vs-depor-2027-01-03/
2027-01-03T00:00:00+00:00,la-liga,"Regular Season - 18","Levante","Valencia",0.3918,0.2841,0.3242,1.47,1.32,https://theopenmodel.com/match/levante-vs-valencia-2027-01-03/
2027-01-03T00:00:00+00:00,la-liga,"Regular Season - 18","Espanyol","Barcelona",0.0791,0.1965,0.7245,0.61,2.17,https://theopenmodel.com/match/espanyol-vs-barcelona-2027-01-03/
2027-01-03T00:00:00+00:00,la-liga,"Regular Season - 18","Real Madrid","Getafe",0.7506,0.1838,0.0656,2.24,0.55,https://theopenmodel.com/match/real-madrid-vs-getafe-2027-01-03/
2027-01-03T00:00:00+00:00,la-liga,"Regular Season - 18","Betis","Alaves",0.5277,0.2647,0.2076,1.75,1.03,https://theopenmodel.com/match/betis-vs-alaves-2027-01-03/
2027-01-03T00:00:00+00:00,la-liga,"Regular Season - 18","Real Sociedad","Osasuna",0.494,0.2717,0.2343,1.68,1.1,https://theopenmodel.com/match/real-sociedad-vs-osasuna-2027-01-03/
2027-01-03T00:00:00+00:00,la-liga,"Regular Season - 18","Rayo Vallecano","Atlético",0.2358,0.272,0.4922,1.1,1.68,https://theopenmodel.com/match/rayo-vallecano-vs-atletico-2027-01-03/
2027-01-03T00:00:00+00:00,la-liga,"Regular Season - 18","Santander","Bilbao",0.4058,0.2832,0.311,1.5,1.29,https://theopenmodel.com/match/santander-vs-bilbao-2027-01-03/
2027-01-03T11:30:00+00:00,serie-a,"Regular Season - 17","Internazionale","Sassuolo",0.6998,0.2076,0.0926,2.12,0.66,https://theopenmodel.com/match/internazionale-vs-sassuolo-2027-01-03/
2027-01-03T14:00:00+00:00,premier-league,"Regular Season - 19","Chelsea","Newcastle",0.4105,0.2829,0.3067,1.51,1.28,https://theopenmodel.com/match/chelsea-vs-newcastle-2027-01-03/
2027-01-03T14:00:00+00:00,serie-a,"Regular Season - 17","Udinese","Atalanta",0.3007,0.2823,0.417,1.26,1.52,https://theopenmodel.com/match/udinese-vs-atalanta-2027-01-03/
2027-01-03T14:00:00+00:00,serie-a,"Regular Season - 17","Como","Lecce",0.6476,0.2286,0.1238,2,0.78,https://theopenmodel.com/match/como-vs-lecce-2027-01-03/
2027-01-03T16:30:00+00:00,premier-league,"Regular Season - 19","Man City","Tottenham",0.7495,0.1844,0.0661,2.23,0.55,https://theopenmodel.com/match/man-city-vs-tottenham-2027-01-03/
2027-01-03T17:00:00+00:00,serie-a,"Regular Season - 17","Parma","Napoli",0.2016,0.2628,0.5355,1.02,1.77,https://theopenmodel.com/match/parma-vs-napoli-2027-01-03/
2027-01-03T19:45:00+00:00,serie-a,"Regular Season - 17","Bologna","Juventus",0.2742,0.2792,0.4466,1.2,1.58,https://theopenmodel.com/match/bologna-vs-juventus-2027-01-03/
2027-01-03T19:45:00+00:00,ligue-1,"Regular Season - 15","Lens","Paris SG",0.2358,0.272,0.4922,1.1,1.68,https://theopenmodel.com/match/lens-vs-paris-sg-2027-01-03/
2027-01-05T17:30:00+00:00,serie-a,"Regular Season - 18","Genoa","Monza",0.4011,0.2835,0.3154,1.49,1.3,https://theopenmodel.com/match/genoa-vs-monza-2027-01-05/
2027-01-05T17:30:00+00:00,serie-a,"Regular Season - 18","Venezia","Roma",0.1285,0.2314,0.6401,0.8,1.99,https://theopenmodel.com/match/venezia-vs-roma-2027-01-05/
2027-01-05T19:30:00+00:00,premier-league,"Regular Season - 20","Arsenal","Brentford",0.5984,0.2455,0.1561,1.9,0.88,https://theopenmodel.com/match/arsenal-vs-brentford-2027-01-05/
2027-01-05T19:30:00+00:00,premier-league,"Regular Season - 20","Everton","Aston Villa",0.3918,0.2841,0.3242,1.47,1.32,https://theopenmodel.com/match/everton-vs-aston-villa-2027-01-05/
2027-01-05T19:30:00+00:00,premier-league,"Regular Season - 20","Brighton","Bournemouth",0.512,0.2681,0.2198,1.72,1.06,https://theopenmodel.com/match/brighton-vs-bournemouth-2027-01-05/
2027-01-05T19:30:00+00:00,premier-league,"Regular Season - 20","Forest","Hull",0.5566,0.2576,0.1859,1.81,0.97,https://theopenmodel.com/match/forest-vs-hull-2027-01-05/
2027-01-05T19:45:00+00:00,serie-a,"Regular Season - 18","Milan","Fiorentina",0.6114,0.2413,0.1473,1.93,0.86,https://theopenmodel.com/match/milan-vs-fiorentina-2027-01-05/
2027-01-05T20:15:00+00:00,premier-league,"Regular Season - 20","Sunderland","Liverpool",0.1917,0.2596,0.5488,0.99,1.79,https://theopenmodel.com/match/sunderland-vs-liverpool-2027-01-05/
2027-01-06T11:30:00+00:00,serie-a,"Regular Season - 18","Juventus","Torino",0.6243,0.237,0.1387,1.95,0.83,https://theopenmodel.com/match/juventus-vs-torino-2027-01-06/
2027-01-06T14:00:00+00:00,serie-a,"Regular Season - 18","Frosinone","Bologna",0.4187,0.2822,0.2991,1.52,1.26,https://theopenmodel.com/match/frosinone-vs-bologna-2027-01-06/
2027-01-06T14:00:00+00:00,serie-a,"Regular Season - 18","Lecce","Parma",0.3964,0.2838,0.3198,1.48,1.31,https://theopenmodel.com/match/lecce-vs-parma-2027-01-06/
2027-01-06T17:00:00+00:00,serie-a,"Regular Season - 18","Atalanta","Como",0.3802,0.2846,0.3353,1.44,1.34,https://theopenmodel.com/match/atalanta-vs-como-2027-01-06/
2027-01-06T19:30:00+00:00,premier-league,"Regular Season - 20","Fulham","Tottenham",0.4329,0.2808,0.2863,1.55,1.23,https://theopenmodel.com/match/fulham-vs-tottenham-2027-01-06/
2027-01-06T19:30:00+00:00,premier-league,"Regular Season - 20","Crystal Palace","Chelsea",0.3314,0.2844,0.3842,1.33,1.45,https://theopenmodel.com/match/crystal-palace-vs-chelsea-2027-01-06/
2027-01-06T19:30:00+00:00,premier-league,"Regular Season - 20","Ipswich","Coventry",0.4401,0.28,0.28,1.57,1.21,https://theopenmodel.com/match/ipswich-vs-coventry-2027-01-06/
2027-01-06T19:45:00+00:00,serie-a,"Regular Season - 18","Lazio","Internazionale",0.2639,0.2775,0.4586,1.18,1.61,https://theopenmodel.com/match/lazio-vs-internazionale-2027-01-06/
2027-01-06T20:15:00+00:00,premier-league,"Regular Season - 20","Leeds","Man City",0.1934,0.2602,0.5464,0.99,1.79,https://theopenmodel.com/match/leeds-vs-man-city-2027-01-06/
2027-01-07T17:30:00+00:00,serie-a,"Regular Season - 18","Sassuolo","Udinese",0.4341,0.2806,0.2853,1.56,1.23,https://theopenmodel.com/match/sassuolo-vs-udinese-2027-01-07/
2027-01-07T19:45:00+00:00,serie-a,"Regular Season - 18","Napoli","Cagliari",0.5482,0.2597,0.1921,1.79,0.99,https://theopenmodel.com/match/napoli-vs-cagliari-2027-01-07/
2027-01-07T20:00:00+00:00,premier-league,"Regular Season - 20","Man United","Newcastle",0.3941,0.2839,0.322,1.47,1.31,https://theopenmodel.com/match/man-united-vs-newcastle-2027-01-07/
2027-01-09T00:00:00+00:00,bundesliga,"Regular Season - 15","Werder","Union Berlin",0.458,0.2776,0.2644,1.6,1.18,https://theopenmodel.com/match/werder-vs-union-berlin-2027-01-09/
2027-01-09T00:00:00+00:00,bundesliga,"Regular Season - 15","Gladbach","Bayern München",0.0534,0.1708,0.7758,0.49,2.3,https://theopenmodel.com/match/gladbach-vs-bayern-munchen-2027-01-09/
2027-01-09T00:00:00+00:00,bundesliga,"Regular Season - 15","Dortmund","Mainz",0.6255,0.2366,0.138,1.96,0.83,https://theopenmodel.com/match/dortmund-vs-mainz-2027-01-09/
2027-01-09T00:00:00+00:00,bundesliga,"Regular Season - 15","Hoffenheim","Elversberg",0.4341,0.2806,0.2853,1.56,1.23,https://theopenmodel.com/match/hoffenheim-vs-elversberg-2027-01-09/
2027-01-09T00:00:00+00:00,bundesliga,"Regular Season - 15","Frankfurt","Schalke",0.5349,0.263,0.2021,1.77,1.02,https://theopenmodel.com/match/frankfurt-vs-schalke-2027-01-09/
2027-01-09T00:00:00+00:00,bundesliga,"Regular Season - 15","Stuttgart","Augsburg",0.4747,0.2751,0.2502,1.64,1.14,https://theopenmodel.com/match/stuttgart-vs-augsburg-2027-01-09/
2027-01-09T00:00:00+00:00,bundesliga,"Regular Season - 15","Hamburg","Leverkusen",0.1699,0.2514,0.5787,0.93,1.86,https://theopenmodel.com/match/hamburg-vs-leverkusen-2027-01-09/
2027-01-09T00:00:00+00:00,bundesliga,"Regular Season - 15","Paderborn","RB Leipzig",0.266,0.2779,0.4562,1.18,1.6,https://theopenmodel.com/match/paderborn-vs-rb-leipzig-2027-01-09/
2027-01-09T00:00:00+00:00,bundesliga,"Regular Season - 15","Köln","Freiburg",0.2348,0.2718,0.4934,1.1,1.68,https://theopenmodel.com/match/koln-vs-freiburg-2027-01-09/
2027-01-09T14:00:00+00:00,serie-a,"Regular Season - 19","Monza","Frosinone",0.3094,0.2831,0.4075,1.28,1.5,https://theopenmodel.com/match/monza-vs-frosinone-2027-01-09/
2027-01-09T17:00:00+00:00,serie-a,"Regular Season - 19","Roma","Milan",0.4699,0.2758,0.2542,1.63,1.15,https://theopenmodel.com/match/roma-vs-milan-2027-01-09/
2027-01-09T19:45:00+00:00,serie-a,"Regular Season - 19","Bologna","Genoa",0.5325,0.2636,0.2039,1.76,1.02,https://theopenmodel.com/match/bologna-vs-genoa-2027-01-09/
2027-01-10T00:00:00+00:00,la-liga,"Regular Season - 19","Atlético","Santander",0.6875,0.2128,0.0997,2.09,0.69,https://theopenmodel.com/match/atletico-vs-santander-2027-01-10/
2027-01-10T00:00:00+00:00,la-liga,"Regular Season - 19","Bilbao","Villarreal",0.2932,0.2816,0.4252,1.25,1.54,https://theopenmodel.com/match/bilbao-vs-villarreal-2027-01-10/
2027-01-10T00:00:00+00:00,la-liga,"Regular Season - 19","Valencia","Malaga",0.5072,0.2691,0.2237,1.71,1.07,https://theopenmodel.com/match/valencia-vs-malaga-2027-01-10/
2027-01-10T00:00:00+00:00,la-liga,"Regular Season - 19","Sevilla","Celta",0.4424,0.2797,0.2779,1.57,1.21,https://theopenmodel.com/match/sevilla-vs-celta-2027-01-10/
2027-01-10T00:00:00+00:00,la-liga,"Regular Season - 19","Espanyol","Betis",0.2639,0.2775,0.4586,1.18,1.61,https://theopenmodel.com/match/espanyol-vs-betis-2027-01-10/
2027-01-10T00:00:00+00:00,la-liga,"Regular Season - 19","Real Madrid","Levante",0.7357,0.1911,0.0731,2.2,0.58,https://theopenmodel.com/match/real-madrid-vs-levante-2027-01-10/
2027-01-10T00:00:00+00:00,la-liga,"Regular Season - 19","Alaves","Real Sociedad",0.3779,0.2846,0.3375,1.44,1.35,https://theopenmodel.com/match/alaves-vs-real-sociedad-2027-01-10/
2027-01-10T00:00:00+00:00,la-liga,"Regular Season - 19","Depor","Rayo Vallecano",0.379,0.2846,0.3364,1.44,1.34,https://theopenmodel.com/match/depor-vs-rayo-vallecano-2027-01-10/
2027-01-10T00:00:00+00:00,la-liga,"Regular Season - 19","Osasuna","Barcelona",0.0814,0.1985,0.7201,0.62,2.16,https://theopenmodel.com/match/osasuna-vs-barcelona-2027-01-10/
2027-01-10T00:00:00+00:00,la-liga,"Regular Season - 19","Elche","Getafe",0.4317,0.2809,0.2874,1.55,1.23,https://theopenmodel.com/match/elche-vs-getafe-2027-01-10/
2027-01-10T11:30:00+00:00,serie-a,"Regular Season - 19","Como","Lazio",0.4199,0.2821,0.298,1.53,1.26,https://theopenmodel.com/match/como-vs-lazio-2027-01-10/
2027-01-10T14:00:00+00:00,serie-a,"Regular Season - 19","Fiorentina","Lecce",0.4856,0.2732,0.2412,1.66,1.12,https://theopenmodel.com/match/fiorentina-vs-lecce-2027-01-10/
2027-01-10T14:00:00+00:00,serie-a,"Regular Season - 19","Parma","Venezia",0.4496,0.2788,0.2716,1.59,1.19,https://theopenmodel.com/match/parma-vs-venezia-2027-01-10/
2027-01-10T17:00:00+00:00,serie-a,"Regular Season - 19","Torino","Atalanta",0.2858,0.2807,0.4335,1.23,1.55,https://theopenmodel.com/match/torino-vs-atalanta-2027-01-10/
2027-01-10T19:45:00+00:00,serie-a,"Regular Season - 19","Internazionale","Juventus",0.5301,0.2641,0.2058,1.76,1.03,https://theopenmodel.com/match/internazionale-vs-juventus-2027-01-10/
2027-01-11T17:30:00+00:00,serie-a,"Regular Season - 19","Cagliari","Sassuolo",0.4353,0.2805,0.2842,1.56,1.22,https://theopenmodel.com/match/cagliari-vs-sassuolo-2027-01-11/
2027-01-11T19:45:00+00:00,serie-a,"Regular Season - 19","Udinese","Napoli",0.2517,0.2754,0.4729,1.15,1.64,https://theopenmodel.com/match/udinese-vs-napoli-2027-01-11/
2027-01-13T00:00:00+00:00,bundesliga,"Regular Season - 16","Bayern München","Leverkusen",0.6208,0.2382,0.141,1.95,0.84,https://theopenmodel.com/match/bayern-munchen-vs-leverkusen-2027-01-13/
2027-01-13T00:00:00+00:00,bundesliga,"Regular Season - 16","Freiburg","Hamburg",0.6266,0.2362,0.1372,1.96,0.82,https://theopenmodel.com/match/freiburg-vs-hamburg-2027-01-13/
2027-01-13T00:00:00+00:00,bundesliga,"Regular Season - 16","Mainz","Hoffenheim",0.4508,0.2786,0.2706,1.59,1.19,https://theopenmodel.com/match/mainz-vs-hoffenheim-2027-01-13/
2027-01-13T00:00:00+00:00,bundesliga,"Regular Season - 16","Augsburg","Gladbach",0.5482,0.2597,0.1921,1.79,0.99,https://theopenmodel.com/match/augsburg-vs-gladbach-2027-01-13/
2027-01-13T00:00:00+00:00,bundesliga,"Regular Season - 16","RB Leipzig","Stuttgart",0.4211,0.282,0.297,1.53,1.25,https://theopenmodel.com/match/rb-leipzig-vs-stuttgart-2027-01-13/
2027-01-13T00:00:00+00:00,bundesliga,"Regular Season - 16","Schalke","Werder",0.3358,0.2846,0.3796,1.34,1.44,https://theopenmodel.com/match/schalke-vs-werder-2027-01-13/
2027-01-13T00:00:00+00:00,bundesliga,"Regular Season - 16","Union Berlin","Paderborn",0.4117,0.2828,0.3056,1.51,1.27,https://theopenmodel.com/match/union-berlin-vs-paderborn-2027-01-13/
2027-01-13T00:00:00+00:00,bundesliga,"Regular Season - 16","Köln","Dortmund",0.1391,0.2372,0.6237,0.83,1.95,https://theopenmodel.com/match/koln-vs-dortmund-2027-01-13/
2027-01-13T00:00:00+00:00,bundesliga,"Regular Season - 16","Elversberg","Frankfurt",0.3687,0.2849,0.3465,1.42,1.37,https://theopenmodel.com/match/elversberg-vs-frankfurt-2027-01-13/
2027-01-16T00:00:00+00:00,bundesliga,"Regular Season - 17","Werder","Elversberg",0.4211,0.282,0.297,1.53,1.25,https://theopenmodel.com/match/werder-vs-elversberg-2027-01-16/
2027-01-16T00:00:00+00:00,bundesliga,"Regular Season - 17","Gladbach","Union Berlin",0.3744,0.2847,0.3409,1.43,1.35,https://theopenmodel.com/match/gladbach-vs-union-berlin-2027-01-16/
2027-01-16T00:00:00+00:00,bundesliga,"Regular Season - 17","Dortmund","Freiburg",0.5446,0.2606,0.1948,1.79,1,https://theopenmodel.com/match/dortmund-vs-freiburg-2027-01-16/
2027-01-16T00:00:00+00:00,bundesliga,"Regular Season - 17","Hoffenheim","RB Leipzig",0.3148,0.2835,0.4017,1.3,1.49,https://theopenmodel.com/match/hoffenheim-vs-rb-leipzig-2027-01-16/
2027-01-16T00:00:00+00:00,bundesliga,"Regular Season - 17","Leverkusen","Schalke",0.692,0.2109,0.0971,2.1,0.68,https://theopenmodel.com/match/leverkusen-vs-schalke-2027-01-16/
2027-01-16T00:00:00+00:00,bundesliga,"Regular Season - 17","Frankfurt","Bayern München",0.1142,0.2227,0.6631,0.75,2.04,https://theopenmodel.com/match/frankfurt-vs-bayern-munchen-2027-01-16/
2027-01-16T00:00:00+00:00,bundesliga,"Regular Season - 17","Stuttgart","Mainz",0.4735,0.2753,0.2512,1.64,1.14,https://theopenmodel.com/match/stuttgart-vs-mainz-2027-01-16/
2027-01-16T00:00:00+00:00,bundesliga,"Regular Season - 17","Hamburg","Augsburg",0.2911,0.2813,0.4276,1.24,1.54,https://theopenmodel.com/match/hamburg-vs-augsburg-2027-01-16/
2027-01-16T00:00:00+00:00,bundesliga,"Regular Season - 17","Paderborn","Köln",0.4365,0.2804,0.2831,1.56,1.22,https://theopenmodel.com/match/paderborn-vs-koln-2027-01-16/
2027-01-16T00:00:00+00:00,ligue-1,"Regular Season - 16","Angers","Paris SG",0.11,0.22,0.67,0.73,2.05,https://theopenmodel.com/match/angers-vs-paris-sg-2027-01-16/
2027-01-16T00:00:00+00:00,ligue-1,"Regular Season - 16","Lyon","Lorient",0.5912,0.2477,0.1611,1.88,0.9,https://theopenmodel.com/match/lyon-vs-lorient-2027-01-16/
2027-01-16T00:00:00+00:00,ligue-1,"Regular Season - 16","Marseille","Lille",0.3572,0.285,0.3578,1.39,1.39,https://theopenmodel.com/match/marseille-vs-lille-2027-01-16/
2027-01-16T00:00:00+00:00,ligue-1,"Regular Season - 16","Nice","Le Havre",0.4916,0.2721,0.2363,1.68,1.11,https://theopenmodel.com/match/nice-vs-le-havre-2027-01-16/
2027-01-16T00:00:00+00:00,ligue-1,"Regular Season - 16","Monaco","Brest",0.6243,0.237,0.1387,1.95,0.83,https://theopenmodel.com/match/monaco-vs-brest-2027-01-16/
2027-01-16T00:00:00+00:00,ligue-1,"Regular Season - 16","Strasbourg","Le Mans",0.5769,0.2519,0.1711,1.85,0.93,https://theopenmodel.com/match/strasbourg-vs-le-mans-2027-01-16/
2027-01-16T00:00:00+00:00,ligue-1,"Regular Season - 16","Auxerre","Troyes",0.4747,0.2751,0.2502,1.64,1.14,https://theopenmodel.com/match/auxerre-vs-troyes-2027-01-16/
2027-01-16T00:00:00+00:00,ligue-1,"Regular Season - 16","Paris FC","Toulouse",0.488,0.2728,0.2392,1.67,1.11,https://theopenmodel.com/match/paris-fc-vs-toulouse-2027-01-16/
2027-01-16T00:00:00+00:00,ligue-1,"Regular Season - 16","Rennes","Lens",0.3836,0.2844,0.3319,1.45,1.33,https://theopenmodel.com/match/rennes-vs-lens-2027-01-16/
2027-01-16T15:00:00+00:00,premier-league,"Regular Season - 21","Newcastle","Fulham",0.5265,0.2649,0.2086,1.75,1.03,https://theopenmodel.com/match/newcastle-vs-fulham-2027-01-16/
2027-01-16T15:00:00+00:00,premier-league,"Regular Season - 21","Bournemouth","Ipswich",0.5912,0.2477,0.1611,1.88,0.9,https://theopenmodel.com/match/bournemouth-vs-ipswich-2027-01-16/
2027-01-16T15:00:00+00:00,premier-league,"Regular Season - 21","Liverpool","Crystal Palace",0.5853,0.2495,0.1652,1.87,0.91,https://theopenmodel.com/match/liverpool-vs-crystal-palace-2027-01-16/
2027-01-16T15:00:00+00:00,premier-league,"Regular Season - 21","Tottenham","Leeds",0.3225,0.284,0.3935,1.31,1.47,https://theopenmodel.com/match/tottenham-vs-leeds-2027-01-16/
2027-01-16T15:00:00+00:00,premier-league,"Regular Season - 21","Chelsea","Sunderland",0.5805,0.2509,0.1686,1.86,0.92,https://theopenmodel.com/match/chelsea-vs-sunderland-2027-01-16/
2027-01-16T15:00:00+00:00,premier-league,"Regular Season - 21","Man City","Forest",0.7185,0.1992,0.0823,2.16,0.62,https://theopenmodel.com/match/man-city-vs-forest-2027-01-16/
2027-01-16T15:00:00+00:00,premier-league,"Regular Season - 21","Brentford","Brighton",0.3641,0.2849,0.351,1.41,1.38,https://theopenmodel.com/match/brentford-vs-brighton-2027-01-16/
2027-01-16T15:00:00+00:00,premier-league,"Regular Season - 21","Hull","Arsenal",0.0785,0.196,0.7255,0.61,2.18,https://theopenmodel.com/match/hull-vs-arsenal-2027-01-16/
2027-01-16T15:00:00+00:00,premier-league,"Regular Season - 21","Aston Villa","Man United",0.4199,0.2821,0.298,1.53,1.26,https://theopenmodel.com/match/aston-villa-vs-man-united-2027-01-16/
2027-01-16T15:00:00+00:00,premier-league,"Regular Season - 21","Coventry","Everton",0.2299,0.2707,0.4994,1.09,1.69,https://theopenmodel.com/match/coventry-vs-everton-2027-01-16/
2027-01-17T00:00:00+00:00,la-liga,"Regular Season - 20","Barcelona","Elche",0.8183,0.1468,0.0349,2.41,0.38,https://theopenmodel.com/match/barcelona-vs-elche-2027-01-17/
2027-01-17T00:00:00+00:00,la-liga,"Regular Season - 20","Atlético","Real Sociedad",0.5745,0.2526,0.1728,1.85,0.93,https://theopenmodel.com/match/atletico-vs-real-sociedad-2027-01-17/
2027-01-17T00:00:00+00:00,la-liga,"Regular Season - 20","Villarreal","Alaves",0.4711,0.2757,0.2532,1.63,1.15,https://theopenmodel.com/match/villarreal-vs-alaves-2027-01-17/
2027-01-17T00:00:00+00:00,la-liga,"Regular Season - 20","Malaga","Real Madrid",0.0961,0.2102,0.6937,0.68,2.1,https://theopenmodel.com/match/malaga-vs-real-madrid-2027-01-17/
2027-01-17T00:00:00+00:00,la-liga,"Regular Season - 20","Celta","Valencia",0.4246,0.2816,0.2938,1.54,1.25,https://theopenmodel.com/match/celta-vs-valencia-2027-01-17/
2027-01-17T00:00:00+00:00,la-liga,"Regular Season - 20","Levante","Espanyol",0.4187,0.2822,0.2991,1.52,1.26,https://theopenmodel.com/match/levante-vs-espanyol-2027-01-17/
2027-01-17T00:00:00+00:00,la-liga,"Regular Season - 20","Betis","Depor",0.5614,0.2563,0.1823,1.82,0.96,https://theopenmodel.com/match/betis-vs-depor-2027-01-17/
2027-01-17T00:00:00+00:00,la-liga,"Regular Season - 20","Getafe","Bilbao",0.4246,0.2816,0.2938,1.54,1.25,https://theopenmodel.com/match/getafe-vs-bilbao-2027-01-17/
2027-01-17T00:00:00+00:00,la-liga,"Regular Season - 20","Rayo Vallecano","Sevilla",0.3976,0.2837,0.3187,1.48,1.3,https://theopenmodel.com/match/rayo-vallecano-vs-sevilla-2027-01-17/
2027-01-17T00:00:00+00:00,la-liga,"Regular Season - 20","Santander","Osasuna",0.379,0.2846,0.3364,1.44,1.34,https://theopenmodel.com/match/santander-vs-osasuna-2027-01-17/
2027-01-17T00:00:00+00:00,serie-a,"Regular Season - 20","Lazio","Bologna",0.5181,0.2668,0.2151,1.73,1.05,https://theopenmodel.com/match/lazio-vs-bologna-2027-01-17/
2027-01-17T00:00:00+00:00,serie-a,"Regular Season - 20","Sassuolo","Monza",0.4952,0.2715,0.2333,1.68,1.1,https://theopenmodel.com/match/sassuolo-vs-monza-2027-01-17/
2027-01-17T00:00:00+00:00,serie-a,"Regular Season - 20","Milan","Torino",0.6196,0.2386,0.1418,1.94,0.84,https://theopenmodel.com/match/milan-vs-torino-2027-01-17/
2027-01-17T00:00:00+00:00,serie-a,"Regular Season - 20","Cagliari","Como",0.3072,0.2829,0.4099,1.28,1.5,https://theopenmodel.com/match/cagliari-vs-como-2027-01-17/
2027-01-17T00:00:00+00:00,serie-a,"Regular Season - 20","Napoli","Fiorentina",0.5984,0.2455,0.1561,1.9,0.88,https://theopenmodel.com/match/napoli-vs-fiorentina-2027-01-17/
2027-01-17T00:00:00+00:00,serie-a,"Regular Season - 20","Juventus","Genoa",0.6796,0.2161,0.1043,2.07,0.71,https://theopenmodel.com/match/juventus-vs-genoa-2027-01-17/
2027-01-17T00:00:00+00:00,serie-a,"Regular Season - 20","Atalanta","Roma",0.2954,0.2818,0.4229,1.25,1.53,https://theopenmodel.com/match/atalanta-vs-roma-2027-01-17/
2027-01-17T00:00:00+00:00,serie-a,"Regular Season - 20","Venezia","Frosinone",0.2763,0.2794,0.4442,1.21,1.58,https://theopenmodel.com/match/venezia-vs-frosinone-2027-01-17/
2027-01-17T00:00:00+00:00,serie-a,"Regular Season - 20","Parma","Internazionale",0.1114,0.2209,0.6677,0.74,2.05,https://theopenmodel.com/match/parma-vs-internazionale-2027-01-17/
2027-01-17T00:00:00+00:00,serie-a,"Regular Season - 20","Lecce","Udinese",0.3369,0.2846,0.3784,1.35,1.44,https://theopenmodel.com/match/lecce-vs-udinese-2027-01-17/
2027-01-23T00:00:00+00:00,bundesliga,"Regular Season - 18","Werder","Freiburg",0.29,0.2812,0.4288,1.24,1.54,https://theopenmodel.com/match/werder-vs-freiburg-2027-01-23/
2027-01-23T00:00:00+00:00,bundesliga,"Regular Season - 18","Gladbach","RB Leipzig",0.2299,0.2707,0.4994,1.09,1.69,https://theopenmodel.com/match/gladbach-vs-rb-leipzig-2027-01-23/
2027-01-23T00:00:00+00:00,bundesliga,"Regular Season - 18","Hoffenheim","Köln",0.4916,0.2721,0.2363,1.68,1.11,https://theopenmodel.com/match/hoffenheim-vs-koln-2027-01-23/
2027-01-23T00:00:00+00:00,bundesliga,"Regular Season - 18","Leverkusen","Elversberg",0.6208,0.2382,0.141,1.95,0.84,https://theopenmodel.com/match/leverkusen-vs-elversberg-2027-01-23/
2027-01-23T00:00:00+00:00,bundesliga,"Regular Season - 18","Frankfurt","Union Berlin",0.4976,0.271,0.2314,1.69,1.09,https://theopenmodel.com/match/frankfurt-vs-union-berlin-2027-01-23/
2027-01-23T00:00:00+00:00,bundesliga,"Regular Season - 18","Stuttgart","Bayern München",0.159,0.2468,0.5942,0.89,1.89,https://theopenmodel.com/match/stuttgart-vs-bayern-munchen-2027-01-23/
2027-01-23T00:00:00+00:00,bundesliga,"Regular Season - 18","Schalke","Augsburg",0.2911,0.2813,0.4276,1.24,1.54,https://theopenmodel.com/match/schalke-vs-augsburg-2027-01-23/
2027-01-23T00:00:00+00:00,bundesliga,"Regular Season - 18","Hamburg","Dortmund",0.1285,0.2314,0.6401,0.8,1.99,https://theopenmodel.com/match/hamburg-vs-dortmund-2027-01-23/
2027-01-23T00:00:00+00:00,bundesliga,"Regular Season - 18","Paderborn","Mainz",0.3258,0.2841,0.39,1.32,1.46,https://theopenmodel.com/match/paderborn-vs-mainz-2027-01-23/
2027-01-23T00:00:00+00:00,ligue-1,"Regular Season - 17","Lille","Paris FC",0.4807,0.2741,0.2452,1.65,1.13,https://theopenmodel.com/match/lille-vs-paris-fc-2027-01-23/
2027-01-23T00:00:00+00:00,ligue-1,"Regular Season - 17","Paris SG","Auxerre",0.7713,0.1732,0.0555,2.29,0.5,https://theopenmodel.com/match/paris-sg-vs-auxerre-2027-01-23/
2027-01-23T00:00:00+00:00,ligue-1,"Regular Season - 17","Strasbourg","Lyon",0.3236,0.284,0.3923,1.32,1.47,https://theopenmodel.com/match/strasbourg-vs-lyon-2027-01-23/
2027-01-23T00:00:00+00:00,ligue-1,"Regular Season - 17","Toulouse","Nice",0.4412,0.2798,0.2789,1.57,1.21,https://theopenmodel.com/match/toulouse-vs-nice-2027-01-23/
2027-01-23T00:00:00+00:00,ligue-1,"Regular Season - 17","Lorient","Marseille",0.3347,0.2845,0.3807,1.34,1.44,https://theopenmodel.com/match/lorient-vs-marseille-2027-01-23/
2027-01-23T00:00:00+00:00,ligue-1,"Regular Season - 17","Troyes","Monaco",0.1533,0.2442,0.6025,0.88,1.91,https://theopenmodel.com/match/troyes-vs-monaco-2027-01-23/
2027-01-23T00:00:00+00:00,ligue-1,"Regular Season - 17","Lens","Brest",0.5554,0.2579,0.1868,1.81,0.97,https://theopenmodel.com/match/lens-vs-brest-2027-01-23/
2027-01-23T00:00:00+00:00,ligue-1,"Regular Season - 17","Le Mans","Angers",0.3871,0.2843,0.3286,1.46,1.33,https://theopenmodel.com/match/le-mans-vs-angers-2027-01-23/
2027-01-23T00:00:00+00:00,ligue-1,"Regular Season - 17","Le Havre","Rennes",0.2309,0.2709,0.4982,1.09,1.69,https://theopenmodel.com/match/le-havre-vs-rennes-2027-01-23/
2027-01-23T15:00:00+00:00,premier-league,"Regular Season - 22","Man United","Liverpool",0.317,0.2836,0.3993,1.3,1.48,https://theopenmodel.com/match/man-united-vs-liverpool-2027-01-23/
2027-01-23T15:00:00+00:00,premier-league,"Regular Season - 22","Fulham","Aston Villa",0.3203,0.2838,0.3958,1.31,1.47,https://theopenmodel.com/match/fulham-vs-aston-villa-2027-01-23/
2027-01-23T15:00:00+00:00,premier-league,"Regular Season - 22","Arsenal","Newcastle",0.609,0.2421,0.1489,1.92,0.86,https://theopenmodel.com/match/arsenal-vs-newcastle-2027-01-23/
2027-01-23T15:00:00+00:00,premier-league,"Regular Season - 22","Everton","Brentford",0.3675,0.2849,0.3476,1.41,1.37,https://theopenmodel.com/match/everton-vs-brentford-2027-01-23/
2027-01-23T15:00:00+00:00,premier-league,"Regular Season - 22","Brighton","Man City",0.2732,0.279,0.4478,1.2,1.58,https://theopenmodel.com/match/brighton-vs-man-city-2027-01-23/
2027-01-23T15:00:00+00:00,premier-league,"Regular Season - 22","Crystal Palace","Tottenham",0.4556,0.278,0.2665,1.6,1.18,https://theopenmodel.com/match/crystal-palace-vs-tottenham-2027-01-23/
2027-01-23T15:00:00+00:00,premier-league,"Regular Season - 22","Ipswich","Hull",0.4401,0.28,0.28,1.57,1.21,https://theopenmodel.com/match/ipswich-vs-hull-2027-01-23/
2027-01-23T15:00:00+00:00,premier-league,"Regular Season - 22","Leeds","Chelsea",0.3825,0.2845,0.333,1.45,1.34,https://theopenmodel.com/match/leeds-vs-chelsea-2027-01-23/
2027-01-23T15:00:00+00:00,premier-league,"Regular Season - 22","Forest","Bournemouth",0.355,0.2849,0.3601,1.39,1.4,https://theopenmodel.com/match/forest-vs-bournemouth-2027-01-23/
2027-01-23T15:00:00+00:00,premier-league,"Regular Season - 22","Sunderland","Coventry",0.4831,0.2737,0.2432,1.66,1.12,https://theopenmodel.com/match/sunderland-vs-coventry-2027-01-23/
2027-01-24T00:00:00+00:00,la-liga,"Regular Season - 21","Bilbao","Levante",0.3871,0.2843,0.3286,1.46,1.33,https://theopenmodel.com/match/bilbao-vs-levante-2027-01-24/
2027-01-24T00:00:00+00:00,la-liga,"Regular Season - 21","Valencia","Sevilla",0.3756,0.2847,0.3397,1.43,1.35,https://theopenmodel.com/match/valencia-vs-sevilla-2027-01-24/
2027-01-24T00:00:00+00:00,la-liga,"Regular Season - 21","Espanyol","Villarreal",0.3137,0.2834,0.4029,1.29,1.49,https://theopenmodel.com/match/espanyol-vs-villarreal-2027-01-24/
2027-01-24T00:00:00+00:00,la-liga,"Regular Season - 21","Real Madrid","Betis",0.5865,0.2491,0.1644,1.87,0.91,https://theopenmodel.com/match/real-madrid-vs-betis-2027-01-24/
2027-01-24T00:00:00+00:00,la-liga,"Regular Season - 21","Alaves","Barcelona",0.1039,0.2159,0.6802,0.71,2.07,https://theopenmodel.com/match/alaves-vs-barcelona-2027-01-24/
2027-01-24T00:00:00+00:00,la-liga,"Regular Season - 21","Depor","Atlético",0.2072,0.2645,0.5283,1.03,1.75,https://theopenmodel.com/match/depor-vs-atletico-2027-01-24/
2027-01-24T00:00:00+00:00,la-liga,"Regular Season - 21","Getafe","Osasuna",0.3976,0.2837,0.3187,1.48,1.3,https://theopenmodel.com/match/getafe-vs-osasuna-2027-01-24/
2027-01-24T00:00:00+00:00,la-liga,"Regular Season - 21","Real Sociedad","Malaga",0.565,0.2553,0.1797,1.83,0.95,https://theopenmodel.com/match/real-sociedad-vs-malaga-2027-01-24/
2027-01-24T00:00:00+00:00,la-liga,"Regular Season - 21","Elche","Rayo Vallecano",0.371,0.2848,0.3442,1.42,1.36,https://theopenmodel.com/match/elche-vs-rayo-vallecano-2027-01-24/
2027-01-24T00:00:00+00:00,la-liga,"Regular Season - 21","Santander","Celta",0.3471,0.2849,0.3681,1.37,1.41,https://theopenmodel.com/match/santander-vs-celta-2027-01-24/
2027-01-24T00:00:00+00:00,serie-a,"Regular Season - 21","Genoa","Parma",0.4023,0.2834,0.3143,1.49,1.29,https://theopenmodel.com/match/genoa-vs-parma-2027-01-24/
2027-01-24T00:00:00+00:00,serie-a,"Regular Season - 21","Juventus","Cagliari",0.5662,0.255,0.1789,1.83,0.95,https://theopenmodel.com/match/juventus-vs-cagliari-2027-01-24/
2027-01-24T00:00:00+00:00,serie-a,"Regular Season - 21","Roma","Udinese",0.658,0.2247,0.1173,2.03,0.76,https://theopenmodel.com/match/roma-vs-udinese-2027-01-24/
2027-01-24T00:00:00+00:00,serie-a,"Regular Season - 21","Bologna","Atalanta",0.3414,0.2847,0.3738,1.35,1.43,https://theopenmodel.com/match/bologna-vs-atalanta-2027-01-24/
2027-01-24T00:00:00+00:00,serie-a,"Regular Season - 21","Fiorentina","Sassuolo",0.386,0.2843,0.3297,1.45,1.33,https://theopenmodel.com/match/fiorentina-vs-sassuolo-2027-01-24/
2027-01-24T00:00:00+00:00,serie-a,"Regular Season - 21","Internazionale","Venezia",0.803,0.1557,0.0413,2.37,0.42,https://theopenmodel.com/match/internazionale-vs-venezia-2027-01-24/
2027-01-24T00:00:00+00:00,serie-a,"Regular Season - 21","Frosinone","Milan",0.2826,0.2803,0.4371,1.22,1.56,https://theopenmodel.com/match/frosinone-vs-milan-2027-01-24/
2027-01-24T00:00:00+00:00,serie-a,"Regular Season - 21","Lecce","Torino",0.3527,0.2849,0.3624,1.38,1.4,https://theopenmodel.com/match/lecce-vs-torino-2027-01-24/
2027-01-24T00:00:00+00:00,serie-a,"Regular Season - 21","Como","Napoli",0.3929,0.284,0.3231,1.47,1.31,https://theopenmodel.com/match/como-vs-napoli-2027-01-24/
2027-01-24T00:00:00+00:00,serie-a,"Regular Season - 21","Monza","Lazio",0.2241,0.2692,0.5066,1.08,1.71,https://theopenmodel.com/match/monza-vs-lazio-2027-01-24/
2027-01-30T00:00:00+00:00,bundesliga,"Regular Season - 19","Bayern München","Schalke",0.8522,0.1246,0.0232,2.53,0.3,https://theopenmodel.com/match/bayern-munchen-vs-schalke-2027-01-30/
2027-01-30T00:00:00+00:00,bundesliga,"Regular Season - 19","Freiburg","Paderborn",0.5877,0.2488,0.1636,1.88,0.91,https://theopenmodel.com/match/freiburg-vs-paderborn-2027-01-30/
2027-01-30T00:00:00+00:00,bundesliga,"Regular Season - 19","Mainz","Hamburg",0.5458,0.2603,0.1939,1.79,0.99,https://theopenmodel.com/match/mainz-vs-hamburg-2027-01-30/
2027-01-30T00:00:00+00:00,bundesliga,"Regular Season - 19","Dortmund","Hoffenheim",0.6614,0.2234,0.1152,2.03,0.75,https://theopenmodel.com/match/dortmund-vs-hoffenheim-2027-01-30/
2027-01-30T00:00:00+00:00,bundesliga,"Regular Season - 19","Augsburg","Frankfurt",0.4235,0.2817,0.2948,1.53,1.25,https://theopenmodel.com/match/augsburg-vs-frankfurt-2027-01-30/
2027-01-30T00:00:00+00:00,bundesliga,"Regular Season - 19","RB Leipzig","Werder",0.5313,0.2638,0.2048,1.76,1.02,https://theopenmodel.com/match/rb-leipzig-vs-werder-2027-01-30/
2027-01-30T00:00:00+00:00,bundesliga,"Regular Season - 19","Union Berlin","Leverkusen",0.1971,0.2614,0.5416,1,1.78,https://theopenmodel.com/match/union-berlin-vs-leverkusen-2027-01-30/
2027-01-30T00:00:00+00:00,bundesliga,"Regular Season - 19","Köln","Stuttgart",0.2527,0.2756,0.4717,1.15,1.63,https://theopenmodel.com/match/koln-vs-stuttgart-2027-01-30/
2027-01-30T00:00:00+00:00,bundesliga,"Regular Season - 19","Elversberg","Gladbach",0.4916,0.2721,0.2363,1.68,1.11,https://theopenmodel.com/match/elversberg-vs-gladbach-2027-01-30/
2027-01-30T00:00:00+00:00,ligue-1,"Regular Season - 18","Angers","Le Havre",0.4663,0.2764,0.2573,1.62,1.16,https://theopenmodel.com/match/angers-vs-le-havre-2027-01-30/
2027-01-30T00:00:00+00:00,ligue-1,"Regular Season - 18","Lyon","Lille",0.4496,0.2788,0.2716,1.59,1.19,https://theopenmodel.com/match/lyon-vs-lille-2027-01-30/
2027-01-30T00:00:00+00:00,ligue-1,"Regular Season - 18","Marseille","Troyes",0.6055,0.2432,0.1513,1.91,0.87,https://theopenmodel.com/match/marseille-vs-troyes-2027-01-30/
2027-01-30T00:00:00+00:00,ligue-1,"Regular Season - 18","Monaco","Paris SG",0.2954,0.2818,0.4229,1.25,1.53,https://theopenmodel.com/match/monaco-vs-paris-sg-2027-01-30/
2027-01-30T00:00:00+00:00,ligue-1,"Regular Season - 18","Toulouse","Lens",0.2943,0.2817,0.424,1.25,1.53,https://theopenmodel.com/match/toulouse-vs-lens-2027-01-30/
2027-01-30T00:00:00+00:00,ligue-1,"Regular Season - 18","Brest","Strasbourg",0.3214,0.2839,0.3947,1.31,1.47,https://theopenmodel.com/match/brest-vs-strasbourg-2027-01-30/
2027-01-30T00:00:00+00:00,ligue-1,"Regular Season - 18","Paris FC","Auxerre",0.5361,0.2627,0.2012,1.77,1.01,https://theopenmodel.com/match/paris-fc-vs-auxerre-2027-01-30/
2027-01-30T00:00:00+00:00,ligue-1,"Regular Season - 18","Le Mans","Nice",0.3629,0.2849,0.3521,1.4,1.38,https://theopenmodel.com/match/le-mans-vs-nice-2027-01-30/
2027-01-30T00:00:00+00:00,ligue-1,"Regular Season - 18","Rennes","Lorient",0.5096,0.2686,0.2218,1.71,1.07,https://theopenmodel.com/match/rennes-vs-lorient-2027-01-30/
2027-01-30T15:00:00+00:00,premier-league,"Regular Season - 23","Newcastle","Brighton",0.3538,0.2849,0.3612,1.38,1.4,https://theopenmodel.com/match/newcastle-vs-brighton-2027-01-30/
2027-01-30T15:00:00+00:00,premier-league,"Regular Season - 23","Bournemouth","Fulham",0.4904,0.2724,0.2373,1.67,1.11,https://theopenmodel.com/match/bournemouth-vs-fulham-2027-01-30/
2027-01-30T15:00:00+00:00,premier-league,"Regular Season - 23","Liverpool","Everton",0.5325,0.2636,0.2039,1.76,1.02,https://theopenmodel.com/match/liverpool-vs-everton-2027-01-30/
2027-01-30T15:00:00+00:00,premier-league,"Regular Season - 23","Tottenham","Sunderland",0.452,0.2785,0.2696,1.59,1.19,https://theopenmodel.com/match/tottenham-vs-sunderland-2027-01-30/
2027-01-30T15:00:00+00:00,premier-league,"Regular Season - 23","Chelsea","Forest",0.5072,0.2691,0.2237,1.71,1.07,https://theopenmodel.com/match/chelsea-vs-forest-2027-01-30/
2027-01-30T15:00:00+00:00,premier-league,"Regular Season - 23","Man City","Arsenal",0.4317,0.2809,0.2874,1.55,1.23,https://theopenmodel.com/match/man-city-vs-arsenal-2027-01-30/
2027-01-30T15:00:00+00:00,premier-league,"Regular Season - 23","Brentford","Man United",0.4448,0.2794,0.2758,1.58,1.2,https://theopenmodel.com/match/brentford-vs-man-united-2027-01-30/
2027-01-30T15:00:00+00:00,premier-league,"Regular Season - 23","Hull","Crystal Palace",0.2742,0.2792,0.4466,1.2,1.58,https://theopenmodel.com/match/hull-vs-crystal-palace-2027-01-30/
2027-01-30T15:00:00+00:00,premier-league,"Regular Season - 23","Aston Villa","Ipswich",0.6125,0.2409,0.1465,1.93,0.85,https://theopenmodel.com/match/aston-villa-vs-ipswich-2027-01-30/
2027-01-30T15:00:00+00:00,premier-league,"Regular Season - 23","Coventry","Leeds",0.229,0.2704,0.5006,1.09,1.69,https://theopenmodel.com/match/coventry-vs-leeds-2027-01-30/
2027-01-31T00:00:00+00:00,la-liga,"Regular Season - 22","Barcelona","Valencia",0.8011,0.1568,0.0421,2.36,0.42,https://theopenmodel.com/match/barcelona-vs-valencia-2027-01-31/
2027-01-31T00:00:00+00:00,la-liga,"Regular Season - 22","Atlético","Espanyol",0.658,0.2247,0.1173,2.03,0.76,https://theopenmodel.com/match/atletico-vs-espanyol-2027-01-31/
2027-01-31T00:00:00+00:00,la-liga,"Regular Season - 22","Villarreal","Santander",0.5506,0.2591,0.1903,1.8,0.98,https://theopenmodel.com/match/villarreal-vs-santander-2027-01-31/
2027-01-31T00:00:00+00:00,la-liga,"Regular Season - 22","Malaga","Alaves",0.3061,0.2828,0.4111,1.28,1.51,https://theopenmodel.com/match/malaga-vs-alaves-2027-01-31/
2027-01-31T00:00:00+00:00,la-liga,"Regular Season - 22","Sevilla","Bilbao",0.5036,0.2698,0.2266,1.7,1.08,https://theopenmodel.com/match/sevilla-vs-bilbao-2027-01-31/
2027-01-31T00:00:00+00:00,la-liga,"Regular Season - 22","Celta","Getafe",0.4639,0.2768,0.2593,1.62,1.16,https://theopenmodel.com/match/celta-vs-getafe-2027-01-31/
2027-01-31T00:00:00+00:00,la-liga,"Regular Season - 22","Levante","Real Sociedad",0.3369,0.2846,0.3784,1.35,1.44,https://theopenmodel.com/match/levante-vs-real-sociedad-2027-01-31/
2027-01-31T00:00:00+00:00,la-liga,"Regular Season - 22","Betis","Elche",0.5698,0.254,0.1763,1.84,0.94,https://theopenmodel.com/match/betis-vs-elche-2027-01-31/
2027-01-31T00:00:00+00:00,la-liga,"Regular Season - 22","Osasuna","Depor",0.4046,0.2833,0.3121,1.49,1.29,https://theopenmodel.com/match/osasuna-vs-depor-2027-01-31/
2027-01-31T00:00:00+00:00,la-liga,"Regular Season - 22","Rayo Vallecano","Real Madrid",0.1682,0.2507,0.5811,0.92,1.86,https://theopenmodel.com/match/rayo-vallecano-vs-real-madrid-2027-01-31/
2027-01-31T00:00:00+00:00,serie-a,"Regular Season - 22","Lazio","Venezia",0.6591,0.2243,0.1166,2.03,0.75,https://theopenmodel.com/match/lazio-vs-venezia-2027-01-31/
2027-01-31T00:00:00+00:00,serie-a,"Regular Season - 22","Sassuolo","Como",0.2879,0.281,0.4311,1.23,1.55,https://theopenmodel.com/match/sassuolo-vs-como-2027-01-31/
2027-01-31T00:00:00+00:00,serie-a,"Regular Season - 22","Milan","Juventus",0.4093,0.2829,0.3077,1.5,1.28,https://theopenmodel.com/match/milan-vs-juventus-2027-01-31/
2027-01-31T00:00:00+00:00,serie-a,"Regular Season - 22","Cagliari","Parma",0.5181,0.2668,0.2151,1.73,1.05,https://theopenmodel.com/match/cagliari-vs-parma-2027-01-31/
2027-01-31T00:00:00+00:00,serie-a,"Regular Season - 22","Napoli","Internazionale",0.2879,0.281,0.4311,1.23,1.55,https://theopenmodel.com/match/napoli-vs-internazionale-2027-01-31/
2027-01-31T00:00:00+00:00,serie-a,"Regular Season - 22","Udinese","Bologna",0.371,0.2848,0.3442,1.42,1.36,https://theopenmodel.com/match/udinese-vs-bologna-2027-01-31/
2027-01-31T00:00:00+00:00,serie-a,"Regular Season - 22","Genoa","Lecce",0.4199,0.2821,0.298,1.53,1.26,https://theopenmodel.com/match/genoa-vs-lecce-2027-01-31/
2027-01-31T00:00:00+00:00,serie-a,"Regular Season - 22","Atalanta","Fiorentina",0.5422,0.2612,0.1966,1.78,1,https://theopenmodel.com/match/atalanta-vs-fiorentina-2027-01-31/
2027-01-31T00:00:00+00:00,serie-a,"Regular Season - 22","Torino","Frosinone",0.3504,0.2849,0.3647,1.38,1.41,https://theopenmodel.com/match/torino-vs-frosinone-2027-01-31/
2027-01-31T00:00:00+00:00,serie-a,"Regular Season - 22","Monza","Roma",0.1525,0.2438,0.6037,0.87,1.91,https://theopenmodel.com/match/monza-vs-roma-2027-01-31/
2027-02-06T00:00:00+00:00,bundesliga,"Regular Season - 20","Bayern München","Elversberg",0.8079,0.1529,0.0392,2.38,0.4,https://theopenmodel.com/match/bayern-munchen-vs-elversberg-2027-02-06/
2027-02-06T00:00:00+00:00,bundesliga,"Regular Season - 20","Werder","Köln",0.4783,0.2745,0.2472,1.65,1.13,https://theopenmodel.com/match/werder-vs-koln-2027-02-06/
2027-02-06T00:00:00+00:00,bundesliga,"Regular Season - 20","Gladbach","Freiburg",0.2184,0.2677,0.5139,1.06,1.72,https://theopenmodel.com/match/gladbach-vs-freiburg-2027-02-06/
2027-02-06T00:00:00+00:00,bundesliga,"Regular Season - 20","Leverkusen","Augsburg",0.565,0.2553,0.1797,1.83,0.95,https://theopenmodel.com/match/leverkusen-vs-augsburg-2027-02-06/
2027-02-06T00:00:00+00:00,bundesliga,"Regular Season - 20","Frankfurt","Mainz",0.4034,0.2834,0.3132,1.49,1.29,https://theopenmodel.com/match/frankfurt-vs-mainz-2027-02-06/
2027-02-06T00:00:00+00:00,bundesliga,"Regular Season - 20","Stuttgart","Hoffenheim",0.5108,0.2684,0.2208,1.72,1.07,https://theopenmodel.com/match/stuttgart-vs-hoffenheim-2027-02-06/
2027-02-06T00:00:00+00:00,bundesliga,"Regular Season - 20","Schalke","Union Berlin",0.3779,0.2846,0.3375,1.44,1.35,https://theopenmodel.com/match/schalke-vs-union-berlin-2027-02-06/
2027-02-06T00:00:00+00:00,bundesliga,"Regular Season - 20","Hamburg","RB Leipzig",0.2329,0.2714,0.4958,1.1,1.68,https://theopenmodel.com/match/hamburg-vs-rb-leipzig-2027-02-06/
2027-02-06T00:00:00+00:00,bundesliga,"Regular Season - 20","Paderborn","Dortmund",0.1541,0.2446,0.6013,0.88,1.9,https://theopenmodel.com/match/paderborn-vs-dortmund-2027-02-06/
2027-02-06T00:00:00+00:00,ligue-1,"Regular Season - 19","Nice","Brest",0.4011,0.2835,0.3154,1.49,1.3,https://theopenmodel.com/match/nice-vs-brest-2027-02-06/
2027-02-06T00:00:00+00:00,ligue-1,"Regular Season - 19","Strasbourg","Paris FC",0.4223,0.2818,0.2959,1.53,1.25,https://theopenmodel.com/match/strasbourg-vs-paris-fc-2027-02-06/
2027-02-06T00:00:00+00:00,ligue-1,"Regular Season - 19","Lorient","Le Mans",0.494,0.2717,0.2343,1.68,1.1,https://theopenmodel.com/match/lorient-vs-le-mans-2027-02-06/
2027-02-06T00:00:00+00:00,ligue-1,"Regular Season - 19","Auxerre","Monaco",0.1971,0.2614,0.5416,1,1.78,https://theopenmodel.com/match/auxerre-vs-monaco-2027-02-06/
2027-02-06T00:00:00+00:00,ligue-1,"Regular Season - 19","Troyes","Lille",0.1925,0.2599,0.5476,0.99,1.79,https://theopenmodel.com/match/troyes-vs-lille-2027-02-06/
2027-02-06T00:00:00+00:00,ligue-1,"Regular Season - 19","Le Havre","Toulouse",0.3137,0.2834,0.4029,1.29,1.49,https://theopenmodel.com/match/le-havre-vs-toulouse-2027-02-06/
2027-02-06T00:00:00+00:00,ligue-1,"Regular Season - 19","Lens","Angers",0.5936,0.247,0.1594,1.89,0.89,https://theopenmodel.com/match/lens-vs-angers-2027-02-06/
2027-02-06T00:00:00+00:00,ligue-1,"Regular Season - 19","Rennes","Lyon",0.3358,0.2846,0.3796,1.34,1.44,https://theopenmodel.com/match/rennes-vs-lyon-2027-02-06/
2027-02-06T15:00:00+00:00,premier-league,"Regular Season - 24","Man United","Chelsea",0.3976,0.2837,0.3187,1.48,1.3,https://theopenmodel.com/match/man-united-vs-chelsea-2027-02-06/
2027-02-06T15:00:00+00:00,premier-league,"Regular Season - 24","Fulham","Man City",0.1399,0.2376,0.6225,0.83,1.95,https://theopenmodel.com/match/fulham-vs-man-city-2027-02-06/
2027-02-06T15:00:00+00:00,premier-league,"Regular Season - 24","Arsenal","Liverpool",0.5277,0.2647,0.2076,1.75,1.03,https://theopenmodel.com/match/arsenal-vs-liverpool-2027-02-06/
2027-02-06T15:00:00+00:00,premier-league,"Regular Season - 24","Everton","Newcastle",0.3779,0.2846,0.3375,1.44,1.35,https://theopenmodel.com/match/everton-vs-newcastle-2027-02-06/
2027-02-06T15:00:00+00:00,premier-league,"Regular Season - 24","Brighton","Hull",0.7108,0.2027,0.0865,2.14,0.64,https://theopenmodel.com/match/brighton-vs-hull-2027-02-06/
2027-02-06T15:00:00+00:00,premier-league,"Regular Season - 24","Crystal Palace","Coventry",0.5638,0.2556,0.1806,1.83,0.96,https://theopenmodel.com/match/crystal-palace-vs-coventry-2027-02-06/
2027-02-06T15:00:00+00:00,premier-league,"Regular Season - 24","Ipswich","Tottenham",0.3358,0.2846,0.3796,1.34,1.44,https://theopenmodel.com/match/ipswich-vs-tottenham-2027-02-06/
2027-02-06T15:00:00+00:00,premier-league,"Regular Season - 24","Leeds","Bournemouth",0.414,0.2826,0.3034,1.51,1.27,https://theopenmodel.com/match/leeds-vs-bournemouth-2027-02-06/
2027-02-06T15:00:00+00:00,premier-league,"Regular Season - 24","Forest","Brentford",0.3116,0.2832,0.4052,1.29,1.49,https://theopenmodel.com/match/forest-vs-brentford-2027-02-06/
2027-02-06T15:00:00+00:00,premier-league,"Regular Season - 24","Sunderland","Aston Villa",0.2691,0.2784,0.4526,1.19,1.59,https://theopenmodel.com/match/sunderland-vs-aston-villa-2027-02-06/
2027-02-07T00:00:00+00:00,la-liga,"Regular Season - 23","Barcelona","Atlético",0.6019,0.2444,0.1537,1.91,0.88,https://theopenmodel.com/match/barcelona-vs-atletico-2027-02-07/
2027-02-07T00:00:00+00:00,la-liga,"Regular Season - 23","Bilbao","Osasuna",0.3871,0.2843,0.3286,1.46,1.33,https://theopenmodel.com/match/bilbao-vs-osasuna-2027-02-07/
2027-02-07T00:00:00+00:00,la-liga,"Regular Season - 23","Valencia","Santander",0.4723,0.2755,0.2522,1.64,1.15,https://theopenmodel.com/match/valencia-vs-santander-2027-02-07/
2027-02-07T00:00:00+00:00,la-liga,"Regular Season - 23","Espanyol","Rayo Vallecano",0.3652,0.2849,0.3499,1.41,1.37,https://theopenmodel.com/match/espanyol-vs-rayo-vallecano-2027-02-07/
2027-02-07T00:00:00+00:00,la-liga,"Regular Season - 23","Alaves","Celta",0.4235,0.2817,0.2948,1.53,1.25,https://theopenmodel.com/match/alaves-vs-celta-2027-02-07/
2027-02-07T00:00:00+00:00,la-liga,"Regular Season - 23","Betis","Sevilla",0.5084,0.2689,0.2227,1.71,1.07,https://theopenmodel.com/match/betis-vs-sevilla-2027-02-07/
2027-02-07T00:00:00+00:00,la-liga,"Regular Season - 23","Depor","Malaga",0.494,0.2717,0.2343,1.68,1.1,https://theopenmodel.com/match/depor-vs-malaga-2027-02-07/
2027-02-07T00:00:00+00:00,la-liga,"Regular Season - 23","Getafe","Villarreal",0.3029,0.2825,0.4146,1.27,1.51,https://theopenmodel.com/match/getafe-vs-villarreal-2027-02-07/
2027-02-07T00:00:00+00:00,la-liga,"Regular Season - 23","Real Sociedad","Real Madrid",0.1934,0.2602,0.5464,0.99,1.79,https://theopenmodel.com/match/real-sociedad-vs-real-madrid-2027-02-07/
2027-02-07T00:00:00+00:00,la-liga,"Regular Season - 23","Elche","Levante",0.4152,0.2825,0.3023,1.52,1.27,https://theopenmodel.com/match/elche-vs-levante-2027-02-07/
2027-02-07T00:00:00+00:00,serie-a,"Regular Season - 23","Juventus","Sassuolo",0.5877,0.2488,0.1636,1.88,0.91,https://theopenmodel.com/match/juventus-vs-sassuolo-2027-02-07/
2027-02-07T00:00:00+00:00,serie-a,"Regular Season - 23","Roma","Torino",0.6739,0.2184,0.1076,2.06,0.72,https://theopenmodel.com/match/roma-vs-torino-2027-02-07/
2027-02-07T00:00:00+00:00,serie-a,"Regular Season - 23","Atalanta","Lazio",0.386,0.2843,0.3297,1.45,1.33,https://theopenmodel.com/match/atalanta-vs-lazio-2027-02-07/
2027-02-07T00:00:00+00:00,serie-a,"Regular Season - 23","Bologna","Milan",0.2784,0.2797,0.4418,1.21,1.57,https://theopenmodel.com/match/bologna-vs-milan-2027-02-07/
2027-02-07T00:00:00+00:00,serie-a,"Regular Season - 23","Fiorentina","Udinese",0.4058,0.2832,0.311,1.5,1.29,https://theopenmodel.com/match/fiorentina-vs-udinese-2027-02-07/
2027-02-07T00:00:00+00:00,serie-a,"Regular Season - 23","Internazionale","Cagliari",0.6796,0.2161,0.1043,2.07,0.71,https://theopenmodel.com/match/internazionale-vs-cagliari-2027-02-07/
2027-02-07T00:00:00+00:00,serie-a,"Regular Season - 23","Venezia","Genoa",0.3906,0.2841,0.3253,1.46,1.32,https://theopenmodel.com/match/venezia-vs-genoa-2027-02-07/
2027-02-07T00:00:00+00:00,serie-a,"Regular Season - 23","Parma","Frosinone",0.3083,0.283,0.4087,1.28,1.5,https://theopenmodel.com/match/parma-vs-frosinone-2027-02-07/
2027-02-07T00:00:00+00:00,serie-a,"Regular Season - 23","Lecce","Napoli",0.1881,0.2583,0.5536,0.98,1.8,https://theopenmodel.com/match/lecce-vs-napoli-2027-02-07/
2027-02-07T00:00:00+00:00,serie-a,"Regular Season - 23","Como","Monza",0.629,0.2354,0.1357,1.96,0.82,https://theopenmodel.com/match/como-vs-monza-2027-02-07/
2027-02-07T19:45:00+00:00,ligue-1,"Regular Season - 19","Paris SG","Marseille",0.6522,0.2269,0.1209,2.01,0.77,https://theopenmodel.com/match/paris-sg-vs-marseille-2027-02-07/
2027-02-10T20:00:00+00:00,premier-league,"Regular Season - 25","Man United","Brighton",0.3347,0.2845,0.3807,1.34,1.44,https://theopenmodel.com/match/man-united-vs-brighton-2027-02-10/
2027-02-10T20:00:00+00:00,premier-league,"Regular Season - 25","Newcastle","Chelsea",0.4175,0.2823,0.3002,1.52,1.26,https://theopenmodel.com/match/newcastle-vs-chelsea-2027-02-10/
2027-02-10T20:00:00+00:00,premier-league,"Regular Season - 25","Fulham","Forest",0.3988,0.2837,0.3176,1.48,1.3,https://theopenmodel.com/match/fulham-vs-forest-2027-02-10/
2027-02-10T20:00:00+00:00,premier-league,"Regular Season - 25","Everton","Leeds",0.4128,0.2827,0.3045,1.51,1.27,https://theopenmodel.com/match/everton-vs-leeds-2027-02-10/
2027-02-10T20:00:00+00:00,premier-league,"Regular Season - 25","Tottenham","Man City",0.1278,0.231,0.6412,0.79,1.99,https://theopenmodel.com/match/tottenham-vs-man-city-2027-02-10/
2027-02-10T20:00:00+00:00,premier-league,"Regular Season - 25","Crystal Palace","Brentford",0.3181,0.2837,0.3982,1.3,1.48,https://theopenmodel.com/match/crystal-palace-vs-brentford-2027-02-10/
2027-02-10T20:00:00+00:00,premier-league,"Regular Season - 25","Ipswich","Arsenal",0.0917,0.2069,0.7014,0.66,2.12,https://theopenmodel.com/match/ipswich-vs-arsenal-2027-02-10/
2027-02-10T20:00:00+00:00,premier-league,"Regular Season - 25","Hull","Sunderland",0.3471,0.2849,0.3681,1.37,1.41,https://theopenmodel.com/match/hull-vs-sunderland-2027-02-10/
2027-02-10T20:00:00+00:00,premier-league,"Regular Season - 25","Aston Villa","Bournemouth",0.4353,0.2805,0.2842,1.56,1.22,https://theopenmodel.com/match/aston-villa-vs-bournemouth-2027-02-10/
2027-02-10T20:00:00+00:00,premier-league,"Regular Season - 25","Coventry","Liverpool",0.143,0.2392,0.6178,0.84,1.94,https://theopenmodel.com/match/coventry-vs-liverpool-2027-02-10/
2027-02-13T00:00:00+00:00,bundesliga,"Regular Season - 21","Freiburg","Frankfurt",0.506,0.2694,0.2246,1.71,1.08,https://theopenmodel.com/match/freiburg-vs-frankfurt-2027-02-13/
2027-02-13T00:00:00+00:00,bundesliga,"Regular Season - 21","Mainz","Gladbach",0.5494,0.2594,0.1912,1.8,0.99,https://theopenmodel.com/match/mainz-vs-gladbach-2027-02-13/
2027-02-13T00:00:00+00:00,bundesliga,"Regular Season - 21","Dortmund","Stuttgart",0.5662,0.255,0.1789,1.83,0.95,https://theopenmodel.com/match/dortmund-vs-stuttgart-2027-02-13/
2027-02-13T00:00:00+00:00,bundesliga,"Regular Season - 21","Hoffenheim","Paderborn",0.4687,0.276,0.2552,1.63,1.15,https://theopenmodel.com/match/hoffenheim-vs-paderborn-2027-02-13/
2027-02-13T00:00:00+00:00,bundesliga,"Regular Season - 21","Augsburg","Werder",0.4627,0.2769,0.2603,1.62,1.17,https://theopenmodel.com/match/augsburg-vs-werder-2027-02-13/
2027-02-13T00:00:00+00:00,bundesliga,"Regular Season - 21","RB Leipzig","Leverkusen",0.3347,0.2845,0.3807,1.34,1.44,https://theopenmodel.com/match/rb-leipzig-vs-leverkusen-2027-02-13/
2027-02-13T00:00:00+00:00,bundesliga,"Regular Season - 21","Union Berlin","Bayern München",0.0707,0.1888,0.7405,0.57,2.21,https://theopenmodel.com/match/union-berlin-vs-bayern-munchen-2027-02-13/
2027-02-13T00:00:00+00:00,bundesliga,"Regular Season - 21","Köln","Hamburg",0.4306,0.281,0.2884,1.55,1.23,https://theopenmodel.com/match/koln-vs-hamburg-2027-02-13/
2027-02-13T00:00:00+00:00,bundesliga,"Regular Season - 21","Elversberg","Schalke",0.488,0.2728,0.2392,1.67,1.11,https://theopenmodel.com/match/elversberg-vs-schalke-2027-02-13/
2027-02-13T00:00:00+00:00,ligue-1,"Regular Season - 20","Lille","Nice",0.5829,0.2502,0.1669,1.87,0.92,https://theopenmodel.com/match/lille-vs-nice-2027-02-13/
2027-02-13T00:00:00+00:00,ligue-1,"Regular Season - 20","Lyon","Lens",0.4639,0.2768,0.2593,1.62,1.16,https://theopenmodel.com/match/lyon-vs-lens-2027-02-13/
2027-02-13T00:00:00+00:00,ligue-1,"Regular Season - 20","Marseille","Angers",0.5494,0.2594,0.1912,1.8,0.99,https://theopenmodel.com/match/marseille-vs-angers-2027-02-13/
2027-02-13T00:00:00+00:00,ligue-1,"Regular Season - 20","Toulouse","Monaco",0.2348,0.2718,0.4934,1.1,1.68,https://theopenmodel.com/match/toulouse-vs-monaco-2027-02-13/
2027-02-13T00:00:00+00:00,ligue-1,"Regular Season - 20","Lorient","Le Havre",0.5193,0.2666,0.2142,1.73,1.05,https://theopenmodel.com/match/lorient-vs-le-havre-2027-02-13/
2027-02-13T00:00:00+00:00,ligue-1,"Regular Season - 20","Auxerre","Strasbourg",0.2911,0.2813,0.4276,1.24,1.54,https://theopenmodel.com/match/auxerre-vs-strasbourg-2027-02-13/
2027-02-13T00:00:00+00:00,ligue-1,"Regular Season - 20","Paris FC","Troyes",0.5972,0.2459,0.157,1.9,0.89,https://theopenmodel.com/match/paris-fc-vs-troyes-2027-02-13/
2027-02-13T00:00:00+00:00,ligue-1,"Regular Season - 20","Le Mans","Paris SG",0.0948,0.2093,0.6959,0.67,2.11,https://theopenmodel.com/match/le-mans-vs-paris-sg-2027-02-13/
2027-02-13T00:00:00+00:00,ligue-1,"Regular Season - 20","Brest","Rennes",0.3094,0.2831,0.4075,1.28,1.5,https://theopenmodel.com/match/brest-vs-rennes-2027-02-13/
2027-02-14T00:00:00+00:00,la-liga,"Regular Season - 24","Valencia","Alaves",0.3941,0.2839,0.322,1.47,1.31,https://theopenmodel.com/match/valencia-vs-alaves-2027-02-14/
2027-02-14T00:00:00+00:00,la-liga,"Regular Season - 24","Villarreal","Barcelona",0.1383,0.2368,0.6249,0.83,1.95,https://theopenmodel.com/match/villarreal-vs-barcelona-2027-02-14/
2027-02-14T00:00:00+00:00,la-liga,"Regular Season - 24","Sevilla","Espanyol",0.4807,0.2741,0.2452,1.65,1.13,https://theopenmodel.com/match/sevilla-vs-espanyol-2027-02-14/
2027-02-14T00:00:00+00:00,la-liga,"Regular Season - 24","Celta","Rayo Vallecano",0.4023,0.2834,0.3143,1.49,1.29,https://theopenmodel.com/match/celta-vs-rayo-vallecano-2027-02-14/
2027-02-14T00:00:00+00:00,la-liga,"Regular Season - 24","Levante","Malaga",0.4844,0.2734,0.2422,1.66,1.12,https://theopenmodel.com/match/levante-vs-malaga-2027-02-14/
2027-02-14T00:00:00+00:00,la-liga,"Regular Season - 24","Real Madrid","Bilbao",0.76,0.1791,0.061,2.26,0.52,https://theopenmodel.com/match/real-madrid-vs-bilbao-2027-02-14/
2027-02-14T00:00:00+00:00,la-liga,"Regular Season - 24","Real Sociedad","Betis",0.3403,0.2847,0.375,1.35,1.43,https://theopenmodel.com/match/real-sociedad-vs-betis-2027-02-14/
2027-02-14T00:00:00+00:00,la-liga,"Regular Season - 24","Osasuna","Atlético",0.1998,0.2623,0.5379,1.01,1.77,https://theopenmodel.com/match/osasuna-vs-atletico-2027-02-14/
2027-02-14T00:00:00+00:00,la-liga,"Regular Season - 24","Elche","Depor",0.4058,0.2832,0.311,1.5,1.29,https://theopenmodel.com/match/elche-vs-depor-2027-02-14/
2027-02-14T00:00:00+00:00,la-liga,"Regular Season - 24","Santander","Getafe",0.3953,0.2839,0.3209,1.47,1.31,https://theopenmodel.com/match/santander-vs-getafe-2027-02-14/
2027-02-14T00:00:00+00:00,serie-a,"Regular Season - 24","Cagliari","Lazio",0.3126,0.2833,0.404,1.29,1.49,https://theopenmodel.com/match/cagliari-vs-lazio-2027-02-14/
2027-02-14T00:00:00+00:00,serie-a,"Regular Season - 24","Napoli","Juventus",0.3964,0.2838,0.3198,1.48,1.31,https://theopenmodel.com/match/napoli-vs-juventus-2027-02-14/
2027-02-14T00:00:00+00:00,serie-a,"Regular Season - 24","Udinese","Venezia",0.512,0.2681,0.2198,1.72,1.06,https://theopenmodel.com/match/udinese-vs-venezia-2027-02-14/
2027-02-14T00:00:00+00:00,serie-a,"Regular Season - 24","Genoa","Atalanta",0.2368,0.2723,0.491,1.11,1.67,https://theopenmodel.com/match/genoa-vs-atalanta-2027-02-14/
2027-02-14T00:00:00+00:00,serie-a,"Regular Season - 24","Roma","Parma",0.7163,0.2002,0.0835,2.16,0.63,https://theopenmodel.com/match/roma-vs-parma-2027-02-14/
2027-02-14T00:00:00+00:00,serie-a,"Regular Season - 24","Bologna","Como",0.3094,0.2831,0.4075,1.28,1.5,https://theopenmodel.com/match/bologna-vs-como-2027-02-14/
2027-02-14T00:00:00+00:00,serie-a,"Regular Season - 24","Torino","Sassuolo",0.3779,0.2846,0.3375,1.44,1.35,https://theopenmodel.com/match/torino-vs-sassuolo-2027-02-14/
2027-02-14T00:00:00+00:00,serie-a,"Regular Season - 24","Internazionale","Milan",0.5349,0.263,0.2021,1.77,1.02,https://theopenmodel.com/match/internazionale-vs-milan-2027-02-14/
2027-02-14T00:00:00+00:00,serie-a,"Regular Season - 24","Frosinone","Fiorentina",0.4711,0.2757,0.2532,1.63,1.15,https://theopenmodel.com/match/frosinone-vs-fiorentina-2027-02-14/
2027-02-14T00:00:00+00:00,serie-a,"Regular Season - 24","Monza","Lecce",0.4329,0.2808,0.2863,1.55,1.23,https://theopenmodel.com/match/monza-vs-lecce-2027-02-14/
2027-02-20T00:00:00+00:00,bundesliga,"Regular Season - 22","Bayern München","Augsburg",0.761,0.1786,0.0605,2.26,0.52,https://theopenmodel.com/match/bayern-munchen-vs-augsburg-2027-02-20/
2027-02-20T00:00:00+00:00,bundesliga,"Regular Season - 22","Werder","Dortmund",0.1837,0.2568,0.5596,0.97,1.82,https://theopenmodel.com/match/werder-vs-dortmund-2027-02-20/
2027-02-20T00:00:00+00:00,bundesliga,"Regular Season - 22","Gladbach","Köln",0.3941,0.2839,0.322,1.47,1.31,https://theopenmodel.com/match/gladbach-vs-koln-2027-02-20/
2027-02-20T00:00:00+00:00,bundesliga,"Regular Season - 22","Leverkusen","Mainz",0.5638,0.2556,0.1806,1.83,0.96,https://theopenmodel.com/match/leverkusen-vs-mainz-2027-02-20/
2027-02-20T00:00:00+00:00,bundesliga,"Regular Season - 22","Frankfurt","RB Leipzig",0.3392,0.2847,0.3761,1.35,1.43,https://theopenmodel.com/match/frankfurt-vs-rb-leipzig-2027-02-20/
2027-02-20T00:00:00+00:00,bundesliga,"Regular Season - 22","Stuttgart","Paderborn",0.5662,0.255,0.1789,1.83,0.95,https://theopenmodel.com/match/stuttgart-vs-paderborn-2027-02-20/
2027-02-20T00:00:00+00:00,bundesliga,"Regular Season - 22","Schalke","Freiburg",0.2213,0.2685,0.5102,1.07,1.71,https://theopenmodel.com/match/schalke-vs-freiburg-2027-02-20/
2027-02-20T00:00:00+00:00,bundesliga,"Regular Season - 22","Hamburg","Hoffenheim",0.3236,0.284,0.3923,1.32,1.47,https://theopenmodel.com/match/hamburg-vs-hoffenheim-2027-02-20/
2027-02-20T00:00:00+00:00,bundesliga,"Regular Season - 22","Elversberg","Union Berlin",0.4508,0.2786,0.2706,1.59,1.19,https://theopenmodel.com/match/elversberg-vs-union-berlin-2027-02-20/
2027-02-20T00:00:00+00:00,ligue-1,"Regular Season - 21","Angers","Paris FC",0.2943,0.2817,0.424,1.25,1.53,https://theopenmodel.com/match/angers-vs-paris-fc-2027-02-20/
2027-02-20T00:00:00+00:00,ligue-1,"Regular Season - 21","Lille","Lorient",0.5554,0.2579,0.1868,1.81,0.97,https://theopenmodel.com/match/lille-vs-lorient-2027-02-20/
2027-02-20T00:00:00+00:00,ligue-1,"Regular Season - 21","Nice","Auxerre",0.4341,0.2806,0.2853,1.56,1.23,https://theopenmodel.com/match/nice-vs-auxerre-2027-02-20/
2027-02-20T00:00:00+00:00,ligue-1,"Regular Season - 21","Paris SG","Brest",0.7421,0.188,0.0698,2.21,0.57,https://theopenmodel.com/match/paris-sg-vs-brest-2027-02-20/
2027-02-20T00:00:00+00:00,ligue-1,"Regular Season - 21","Monaco","Le Mans",0.6875,0.2128,0.0997,2.09,0.69,https://theopenmodel.com/match/monaco-vs-le-mans-2027-02-20/
2027-02-20T00:00:00+00:00,ligue-1,"Regular Season - 21","Strasbourg","Marseille",0.414,0.2826,0.3034,1.51,1.27,https://theopenmodel.com/match/strasbourg-vs-marseille-2027-02-20/
2027-02-20T00:00:00+00:00,ligue-1,"Regular Season - 21","Le Havre","Lyon",0.169,0.2511,0.5799,0.92,1.86,https://theopenmodel.com/match/le-havre-vs-lyon-2027-02-20/
2027-02-20T00:00:00+00:00,ligue-1,"Regular Season - 21","Lens","Troyes",0.6487,0.2282,0.123,2,0.78,https://theopenmodel.com/match/lens-vs-troyes-2027-02-20/
2027-02-20T00:00:00+00:00,ligue-1,"Regular Season - 21","Rennes","Toulouse",0.5096,0.2686,0.2218,1.71,1.07,https://theopenmodel.com/match/rennes-vs-toulouse-2027-02-20/
2027-02-20T15:00:00+00:00,premier-league,"Regular Season - 26","Bournemouth","Crystal Palace",0.4675,0.2762,0.2562,1.63,1.16,https://theopenmodel.com/match/bournemouth-vs-crystal-palace-2027-02-20/
2027-02-20T15:00:00+00:00,premier-league,"Regular Season - 26","Liverpool","Hull",0.7282,0.1947,0.0771,2.18,0.6,https://theopenmodel.com/match/liverpool-vs-hull-2027-02-20/
2027-02-20T15:00:00+00:00,premier-league,"Regular Season - 26","Arsenal","Fulham",0.7163,0.2002,0.0835,2.16,0.63,https://theopenmodel.com/match/arsenal-vs-fulham-2027-02-20/
2027-02-20T15:00:00+00:00,premier-league,"Regular Season - 26","Chelsea","Ipswich",0.6231,0.2374,0.1395,1.95,0.83,https://theopenmodel.com/match/chelsea-vs-ipswich-2027-02-20/
2027-02-20T15:00:00+00:00,premier-league,"Regular Season - 26","Man City","Newcastle",0.6266,0.2362,0.1372,1.96,0.82,https://theopenmodel.com/match/man-city-vs-newcastle-2027-02-20/
2027-02-20T15:00:00+00:00,premier-league,"Regular Season - 26","Brighton","Tottenham",0.6078,0.2425,0.1497,1.92,0.86,https://theopenmodel.com/match/brighton-vs-tottenham-2027-02-20/
2027-02-20T15:00:00+00:00,premier-league,"Regular Season - 26","Brentford","Coventry",0.6625,0.2229,0.1145,2.04,0.75,https://theopenmodel.com/match/brentford-vs-coventry-2027-02-20/
2027-02-20T15:00:00+00:00,premier-league,"Regular Season - 26","Leeds","Aston Villa",0.3929,0.284,0.3231,1.47,1.31,https://theopenmodel.com/match/leeds-vs-aston-villa-2027-02-20/
2027-02-20T15:00:00+00:00,premier-league,"Regular Season - 26","Forest","Man United",0.3403,0.2847,0.375,1.35,1.43,https://theopenmodel.com/match/forest-vs-man-united-2027-02-20/
2027-02-20T15:00:00+00:00,premier-league,"Regular Season - 26","Sunderland","Everton",0.289,0.2811,0.43,1.24,1.55,https://theopenmodel.com/match/sunderland-vs-everton-2027-02-20/
2027-02-21T00:00:00+00:00,la-liga,"Regular Season - 25","Barcelona","Levante",0.8192,0.1462,0.0346,2.41,0.37,https://theopenmodel.com/match/barcelona-vs-levante-2027-02-21/
2027-02-21T00:00:00+00:00,la-liga,"Regular Season - 25","Atlético","Elche",0.6522,0.2269,0.1209,2.01,0.77,https://theopenmodel.com/match/atletico-vs-elche-2027-02-21/
2027-02-21T00:00:00+00:00,la-liga,"Regular Season - 25","Bilbao","Celta",0.355,0.2849,0.3601,1.39,1.4,https://theopenmodel.com/match/bilbao-vs-celta-2027-02-21/
2027-02-21T00:00:00+00:00,la-liga,"Regular Season - 25","Villarreal","Valencia",0.4916,0.2721,0.2363,1.68,1.11,https://theopenmodel.com/match/villarreal-vs-valencia-2027-02-21/
2027-02-21T00:00:00+00:00,la-liga,"Regular Season - 25","Malaga","Betis",0.2099,0.2654,0.5247,1.04,1.74,https://theopenmodel.com/match/malaga-vs-betis-2027-02-21/
2027-02-21T00:00:00+00:00,la-liga,"Regular Season - 25","Sevilla","Real Madrid",0.1802,0.2555,0.5644,0.96,1.83,https://theopenmodel.com/match/sevilla-vs-real-madrid-2027-02-21/
2027-02-21T00:00:00+00:00,la-liga,"Regular Season - 25","Espanyol","Osasuna",0.4093,0.2829,0.3077,1.5,1.28,https://theopenmodel.com/match/espanyol-vs-osasuna-2027-02-21/
2027-02-21T00:00:00+00:00,la-liga,"Regular Season - 25","Alaves","Santander",0.4928,0.2719,0.2353,1.68,1.1,https://theopenmodel.com/match/alaves-vs-santander-2027-02-21/
2027-02-21T00:00:00+00:00,la-liga,"Regular Season - 25","Depor","Real Sociedad",0.3459,0.2848,0.3692,1.36,1.42,https://theopenmodel.com/match/depor-vs-real-sociedad-2027-02-21/
2027-02-21T00:00:00+00:00,la-liga,"Regular Season - 25","Rayo Vallecano","Getafe",0.4759,0.2749,0.2492,1.64,1.14,https://theopenmodel.com/match/rayo-vallecano-vs-getafe-2027-02-21/
2027-02-21T00:00:00+00:00,serie-a,"Regular Season - 25","Lazio","Napoli",0.3871,0.2843,0.3286,1.46,1.33,https://theopenmodel.com/match/lazio-vs-napoli-2027-02-21/
2027-02-21T00:00:00+00:00,serie-a,"Regular Season - 25","Sassuolo","Roma",0.2118,0.2659,0.5223,1.04,1.74,https://theopenmodel.com/match/sassuolo-vs-roma-2027-02-21/
2027-02-21T00:00:00+00:00,serie-a,"Regular Season - 25","Milan","Genoa",0.6751,0.218,0.107,2.06,0.72,https://theopenmodel.com/match/milan-vs-genoa-2027-02-21/
2027-02-21T00:00:00+00:00,serie-a,"Regular Season - 25","Udinese","Parma",0.4759,0.2749,0.2492,1.64,1.14,https://theopenmodel.com/match/udinese-vs-parma-2027-02-21/
2027-02-21T00:00:00+00:00,serie-a,"Regular Season - 25","Juventus","Bologna",0.5638,0.2556,0.1806,1.83,0.96,https://theopenmodel.com/match/juventus-vs-bologna-2027-02-21/
2027-02-21T00:00:00+00:00,serie-a,"Regular Season - 25","Atalanta","Monza",0.5948,0.2466,0.1586,1.89,0.89,https://theopenmodel.com/match/atalanta-vs-monza-2027-02-21/
2027-02-21T00:00:00+00:00,serie-a,"Regular Season - 25","Fiorentina","Internazionale",0.1446,0.24,0.6155,0.85,1.93,https://theopenmodel.com/match/fiorentina-vs-internazionale-2027-02-21/
2027-02-21T00:00:00+00:00,serie-a,"Regular Season - 25","Venezia","Cagliari",0.2826,0.2803,0.4371,1.22,1.56,https://theopenmodel.com/match/venezia-vs-cagliari-2027-02-21/
2027-02-21T00:00:00+00:00,serie-a,"Regular Season - 25","Lecce","Frosinone",0.2922,0.2814,0.4264,1.24,1.54,https://theopenmodel.com/match/lecce-vs-frosinone-2027-02-21/
2027-02-21T00:00:00+00:00,serie-a,"Regular Season - 25","Como","Torino",0.5853,0.2495,0.1652,1.87,0.91,https://theopenmodel.com/match/como-vs-torino-2027-02-21/
2027-02-27T00:00:00+00:00,bundesliga,"Regular Season - 23","Freiburg","Leverkusen",0.3482,0.2849,0.3669,1.37,1.41,https://theopenmodel.com/match/freiburg-vs-leverkusen-2027-02-27/
2027-02-27T00:00:00+00:00,bundesliga,"Regular Season - 23","Mainz","Schalke",0.5458,0.2603,0.1939,1.79,0.99,https://theopenmodel.com/match/mainz-vs-schalke-2027-02-27/
2027-02-27T00:00:00+00:00,bundesliga,"Regular Season - 23","Dortmund","Union Berlin",0.7152,0.2007,0.0841,2.15,0.63,https://theopenmodel.com/match/dortmund-vs-union-berlin-2027-02-27/
2027-02-27T00:00:00+00:00,bundesliga,"Regular Season - 23","Hoffenheim","Gladbach",0.512,0.2681,0.2198,1.72,1.06,https://theopenmodel.com/match/hoffenheim-vs-gladbach-2027-02-27/
2027-02-27T00:00:00+00:00,bundesliga,"Regular Season - 23","Augsburg","Elversberg",0.4699,0.2758,0.2542,1.63,1.15,https://theopenmodel.com/match/augsburg-vs-elversberg-2027-02-27/
2027-02-27T00:00:00+00:00,bundesliga,"Regular Season - 23","Stuttgart","Hamburg",0.6055,0.2432,0.1513,1.91,0.87,https://theopenmodel.com/match/stuttgart-vs-hamburg-2027-02-27/
2027-02-27T00:00:00+00:00,bundesliga,"Regular Season - 23","RB Leipzig","Bayern München",0.164,0.249,0.5871,0.91,1.87,https://theopenmodel.com/match/rb-leipzig-vs-bayern-munchen-2027-02-27/
2027-02-27T00:00:00+00:00,bundesliga,"Regular Season - 23","Paderborn","Werder",0.3733,0.2848,0.342,1.43,1.36,https://theopenmodel.com/match/paderborn-vs-werder-2027-02-27/
2027-02-27T00:00:00+00:00,bundesliga,"Regular Season - 23","Köln","Frankfurt",0.3148,0.2835,0.4017,1.3,1.49,https://theopenmodel.com/match/koln-vs-frankfurt-2027-02-27/
2027-02-27T00:00:00+00:00,ligue-1,"Regular Season - 22","Lyon","Toulouse",0.5912,0.2477,0.1611,1.88,0.9,https://theopenmodel.com/match/lyon-vs-toulouse-2027-02-27/
2027-02-27T00:00:00+00:00,ligue-1,"Regular Season - 22","Strasbourg","Le Havre",0.6019,0.2444,0.1537,1.91,0.88,https://theopenmodel.com/match/strasbourg-vs-le-havre-2027-02-27/
2027-02-27T00:00:00+00:00,ligue-1,"Regular Season - 22","Lorient","Angers",0.4663,0.2764,0.2573,1.62,1.16,https://theopenmodel.com/match/lorient-vs-angers-2027-02-27/
2027-02-27T00:00:00+00:00,ligue-1,"Regular Season - 22","Brest","Monaco",0.2232,0.269,0.5078,1.07,1.71,https://theopenmodel.com/match/brest-vs-monaco-2027-02-27/
2027-02-27T00:00:00+00:00,ligue-1,"Regular Season - 22","Auxerre","Lille",0.2407,0.2731,0.4862,1.12,1.66,https://theopenmodel.com/match/auxerre-vs-lille-2027-02-27/
2027-02-27T00:00:00+00:00,ligue-1,"Regular Season - 22","Troyes","Nice",0.3358,0.2846,0.3796,1.34,1.44,https://theopenmodel.com/match/troyes-vs-nice-2027-02-27/
2027-02-27T00:00:00+00:00,ligue-1,"Regular Season - 22","Le Mans","Paris FC",0.2701,0.2785,0.4514,1.19,1.59,https://theopenmodel.com/match/le-mans-vs-paris-fc-2027-02-27/
2027-02-27T00:00:00+00:00,ligue-1,"Regular Season - 22","Marseille","Rennes",0.4011,0.2835,0.3154,1.49,1.3,https://theopenmodel.com/match/marseille-vs-rennes-2027-02-27/
2027-02-27T15:00:00+00:00,premier-league,"Regular Season - 27","Man United","Arsenal",0.2194,0.268,0.5126,1.06,1.72,https://theopenmodel.com/match/man-united-vs-arsenal-2027-02-27/
2027-02-27T15:00:00+00:00,premier-league,"Regular Season - 27","Newcastle","Brentford",0.4034,0.2834,0.3132,1.49,1.29,https://theopenmodel.com/match/newcastle-vs-brentford-2027-02-27/
2027-02-27T15:00:00+00:00,premier-league,"Regular Season - 27","Fulham","Leeds",0.3403,0.2847,0.375,1.35,1.43,https://theopenmodel.com/match/fulham-vs-leeds-2027-02-27/
2027-02-27T15:00:00+00:00,premier-league,"Regular Season - 27","Everton","Forest",0.4735,0.2753,0.2512,1.64,1.14,https://theopenmodel.com/match/everton-vs-forest-2027-02-27/
2027-02-27T15:00:00+00:00,premier-league,"Regular Season - 27","Tottenham","Liverpool",0.2213,0.2685,0.5102,1.07,1.71,https://theopenmodel.com/match/tottenham-vs-liverpool-2027-02-27/
2027-02-27T15:00:00+00:00,premier-league,"Regular Season - 27","Crystal Palace","Sunderland",0.494,0.2717,0.2343,1.68,1.1,https://theopenmodel.com/match/crystal-palace-vs-sunderland-2027-02-27/
2027-02-27T15:00:00+00:00,premier-league,"Regular Season - 27","Ipswich","Brighton",0.1741,0.2531,0.5727,0.94,1.84,https://theopenmodel.com/match/ipswich-vs-brighton-2027-02-27/
2027-02-27T15:00:00+00:00,premier-league,"Regular Season - 27","Hull","Man City",0.0701,0.1883,0.7416,0.57,2.21,https://theopenmodel.com/match/hull-vs-man-city-2027-02-27/
2027-02-27T15:00:00+00:00,premier-league,"Regular Season - 27","Aston Villa","Chelsea",0.4034,0.2834,0.3132,1.49,1.29,https://theopenmodel.com/match/aston-villa-vs-chelsea-2027-02-27/
2027-02-27T15:00:00+00:00,premier-league,"Regular Season - 27","Coventry","Bournemouth",0.229,0.2704,0.5006,1.09,1.69,https://theopenmodel.com/match/coventry-vs-bournemouth-2027-02-27/
2027-02-28T00:00:00+00:00,la-liga,"Regular Season - 26","Bilbao","Barcelona",0.0685,0.1867,0.7448,0.56,2.22,https://theopenmodel.com/match/bilbao-vs-barcelona-2027-02-28/
2027-02-28T00:00:00+00:00,la-liga,"Regular Season - 26","Malaga","Atlético",0.1493,0.2423,0.6084,0.86,1.92,https://theopenmodel.com/match/malaga-vs-atletico-2027-02-28/
2027-02-28T00:00:00+00:00,la-liga,"Regular Season - 26","Celta","Espanyol",0.452,0.2785,0.2696,1.59,1.19,https://theopenmodel.com/match/celta-vs-espanyol-2027-02-28/
2027-02-28T00:00:00+00:00,la-liga,"Regular Season - 26","Levante","Depor",0.4046,0.2833,0.3121,1.49,1.29,https://theopenmodel.com/match/levante-vs-depor-2027-02-28/
2027-02-28T00:00:00+00:00,la-liga,"Regular Season - 26","Real Madrid","Valencia",0.7152,0.2007,0.0841,2.15,0.63,https://theopenmodel.com/match/real-madrid-vs-valencia-2027-02-28/
2027-02-28T00:00:00+00:00,la-liga,"Regular Season - 26","Betis","Villarreal",0.4699,0.2758,0.2542,1.63,1.15,https://theopenmodel.com/match/betis-vs-villarreal-2027-02-28/
2027-02-28T00:00:00+00:00,la-liga,"Regular Season - 26","Getafe","Alaves",0.3561,0.2849,0.3589,1.39,1.39,https://theopenmodel.com/match/getafe-vs-alaves-2027-02-28/
2027-02-28T00:00:00+00:00,la-liga,"Regular Season - 26","Real Sociedad","Elche",0.4928,0.2719,0.2353,1.68,1.1,https://theopenmodel.com/match/real-sociedad-vs-elche-2027-02-28/
2027-02-28T00:00:00+00:00,la-liga,"Regular Season - 26","Osasuna","Sevilla",0.3538,0.2849,0.3612,1.38,1.4,https://theopenmodel.com/match/osasuna-vs-sevilla-2027-02-28/
2027-02-28T00:00:00+00:00,la-liga,"Regular Season - 26","Santander","Rayo Vallecano",0.3358,0.2846,0.3796,1.34,1.44,https://theopenmodel.com/match/santander-vs-rayo-vallecano-2027-02-28/
2027-02-28T00:00:00+00:00,serie-a,"Regular Season - 26","Cagliari","Udinese",0.4556,0.278,0.2665,1.6,1.18,https://theopenmodel.com/match/cagliari-vs-udinese-2027-02-28/
2027-02-28T00:00:00+00:00,serie-a,"Regular Season - 26","Genoa","Lazio",0.2137,0.2664,0.5199,1.05,1.73,https://theopenmodel.com/match/genoa-vs-lazio-2027-02-28/
2027-02-28T00:00:00+00:00,serie-a,"Regular Season - 26","Roma","Venezia",0.7485,0.1849,0.0666,2.23,0.55,https://theopenmodel.com/match/roma-vs-venezia-2027-02-28/
2027-02-28T00:00:00+00:00,serie-a,"Regular Season - 26","Bologna","Lecce",0.5385,0.2621,0.1993,1.77,1.01,https://theopenmodel.com/match/bologna-vs-lecce-2027-02-28/
2027-02-28T00:00:00+00:00,serie-a,"Regular Season - 26","Torino","Fiorentina",0.4058,0.2832,0.311,1.5,1.29,https://theopenmodel.com/match/torino-vs-fiorentina-2027-02-28/
2027-02-28T00:00:00+00:00,serie-a,"Regular Season - 26","Internazionale","Atalanta",0.6043,0.2436,0.1521,1.91,0.87,https://theopenmodel.com/match/internazionale-vs-atalanta-2027-02-28/
2027-02-28T00:00:00+00:00,serie-a,"Regular Season - 26","Frosinone","Napoli",0.2943,0.2817,0.424,1.25,1.53,https://theopenmodel.com/match/frosinone-vs-napoli-2027-02-28/
2027-02-28T00:00:00+00:00,serie-a,"Regular Season - 26","Parma","Sassuolo",0.3347,0.2845,0.3807,1.34,1.44,https://theopenmodel.com/match/parma-vs-sassuolo-2027-02-28/
2027-02-28T00:00:00+00:00,serie-a,"Regular Season - 26","Como","Milan",0.3802,0.2846,0.3353,1.44,1.34,https://theopenmodel.com/match/como-vs-milan-2027-02-28/
2027-02-28T00:00:00+00:00,serie-a,"Regular Season - 26","Monza","Juventus",0.189,0.2587,0.5524,0.98,1.8,https://theopenmodel.com/match/monza-vs-juventus-2027-02-28/
2027-02-28T19:45:00+00:00,ligue-1,"Regular Season - 22","Paris SG","Lens",0.609,0.2421,0.1489,1.92,0.86,https://theopenmodel.com/match/paris-sg-vs-lens-2027-02-28/
2027-03-03T00:00:00+00:00,bundesliga,"Regular Season - 24","Bayern München","Freiburg",0.6864,0.2133,0.1003,2.09,0.69,https://theopenmodel.com/match/bayern-munchen-vs-freiburg-2027-03-03/
2027-03-03T00:00:00+00:00,bundesliga,"Regular Season - 24","Werder","Mainz",0.3652,0.2849,0.3499,1.41,1.37,https://theopenmodel.com/match/werder-vs-mainz-2027-03-03/
2027-03-03T00:00:00+00:00,bundesliga,"Regular Season - 24","Gladbach","Stuttgart",0.2358,0.272,0.4922,1.1,1.68,https://theopenmodel.com/match/gladbach-vs-stuttgart-2027-03-03/
2027-03-03T00:00:00+00:00,bundesliga,"Regular Season - 24","Leverkusen","Hoffenheim",0.6007,0.2448,0.1545,1.9,0.88,https://theopenmodel.com/match/leverkusen-vs-hoffenheim-2027-03-03/
2027-03-03T00:00:00+00:00,bundesliga,"Regular Season - 24","Frankfurt","Dortmund",0.2137,0.2664,0.5199,1.05,1.73,https://theopenmodel.com/match/frankfurt-vs-dortmund-2027-03-03/
2027-03-03T00:00:00+00:00,bundesliga,"Regular Season - 24","Schalke","Köln",0.3976,0.2837,0.3187,1.48,1.3,https://theopenmodel.com/match/schalke-vs-koln-2027-03-03/
2027-03-03T00:00:00+00:00,bundesliga,"Regular Season - 24","Hamburg","Paderborn",0.3756,0.2847,0.3397,1.43,1.35,https://theopenmodel.com/match/hamburg-vs-paderborn-2027-03-03/
2027-03-03T00:00:00+00:00,bundesliga,"Regular Season - 24","Union Berlin","Augsburg",0.3247,0.2841,0.3912,1.32,1.46,https://theopenmodel.com/match/union-berlin-vs-augsburg-2027-03-03/
2027-03-03T00:00:00+00:00,bundesliga,"Regular Season - 24","Elversberg","RB Leipzig",0.2964,0.2819,0.4217,1.25,1.53,https://theopenmodel.com/match/elversberg-vs-rb-leipzig-2027-03-03/
2027-03-03T20:00:00+00:00,premier-league,"Regular Season - 28","Bournemouth","Tottenham",0.5096,0.2686,0.2218,1.71,1.07,https://theopenmodel.com/match/bournemouth-vs-tottenham-2027-03-03/
2027-03-03T20:00:00+00:00,premier-league,"Regular Season - 28","Liverpool","Aston Villa",0.5096,0.2686,0.2218,1.71,1.07,https://theopenmodel.com/match/liverpool-vs-aston-villa-2027-03-03/
2027-03-03T20:00:00+00:00,premier-league,"Regular Season - 28","Arsenal","Crystal Palace",0.6953,0.2095,0.0952,2.11,0.67,https://theopenmodel.com/match/arsenal-vs-crystal-palace-2027-03-03/
2027-03-03T20:00:00+00:00,premier-league,"Regular Season - 28","Chelsea","Coventry",0.6487,0.2282,0.123,2,0.78,https://theopenmodel.com/match/chelsea-vs-coventry-2027-03-03/
2027-03-03T20:00:00+00:00,premier-league,"Regular Season - 28","Man City","Everton",0.6625,0.2229,0.1145,2.04,0.75,https://theopenmodel.com/match/man-city-vs-everton-2027-03-03/
2027-03-03T20:00:00+00:00,premier-league,"Regular Season - 28","Brighton","Fulham",0.5888,0.2484,0.1627,1.88,0.9,https://theopenmodel.com/match/brighton-vs-fulham-2027-03-03/
2027-03-03T20:00:00+00:00,premier-league,"Regular Season - 28","Brentford","Ipswich",0.6371,0.2325,0.1304,1.98,0.8,https://theopenmodel.com/match/brentford-vs-ipswich-2027-03-03/
2027-03-03T20:00:00+00:00,premier-league,"Regular Season - 28","Leeds","Hull",0.6173,0.2394,0.1434,1.94,0.84,https://theopenmodel.com/match/leeds-vs-hull-2027-03-03/
2027-03-03T20:00:00+00:00,premier-league,"Regular Season - 28","Forest","Newcastle",0.3214,0.2839,0.3947,1.31,1.47,https://theopenmodel.com/match/forest-vs-newcastle-2027-03-03/
2027-03-03T20:00:00+00:00,premier-league,"Regular Season - 28","Sunderland","Man United",0.2742,0.2792,0.4466,1.2,1.58,https://theopenmodel.com/match/sunderland-vs-man-united-2027-03-03/
2027-03-06T00:00:00+00:00,bundesliga,"Regular Season - 25","Freiburg","Augsburg",0.4964,0.2712,0.2324,1.69,1.1,https://theopenmodel.com/match/freiburg-vs-augsburg-2027-03-06/
2027-03-06T00:00:00+00:00,bundesliga,"Regular Season - 25","Mainz","Elversberg",0.4711,0.2757,0.2532,1.63,1.15,https://theopenmodel.com/match/mainz-vs-elversberg-2027-03-06/
2027-03-06T00:00:00+00:00,bundesliga,"Regular Season - 25","Dortmund","Bayern München",0.2784,0.2797,0.4418,1.21,1.57,https://theopenmodel.com/match/dortmund-vs-bayern-munchen-2027-03-06/
2027-03-06T00:00:00+00:00,bundesliga,"Regular Season - 25","Hoffenheim","Werder",0.427,0.2814,0.2916,1.54,1.24,https://theopenmodel.com/match/hoffenheim-vs-werder-2027-03-06/
2027-03-06T00:00:00+00:00,bundesliga,"Regular Season - 25","Stuttgart","Leverkusen",0.328,0.2843,0.3877,1.33,1.46,https://theopenmodel.com/match/stuttgart-vs-leverkusen-2027-03-06/
2027-03-06T00:00:00+00:00,bundesliga,"Regular Season - 25","RB Leipzig","Schalke",0.6125,0.2409,0.1465,1.93,0.85,https://theopenmodel.com/match/rb-leipzig-vs-schalke-2027-03-06/
2027-03-06T00:00:00+00:00,bundesliga,"Regular Season - 25","Hamburg","Frankfurt",0.2996,0.2822,0.4181,1.26,1.52,https://theopenmodel.com/match/hamburg-vs-frankfurt-2027-03-06/
2027-03-06T00:00:00+00:00,bundesliga,"Regular Season - 25","Paderborn","Gladbach",0.4568,0.2778,0.2654,1.6,1.18,https://theopenmodel.com/match/paderborn-vs-gladbach-2027-03-06/
2027-03-06T00:00:00+00:00,bundesliga,"Regular Season - 25","Köln","Union Berlin",0.3941,0.2839,0.322,1.47,1.31,https://theopenmodel.com/match/koln-vs-union-berlin-2027-03-06/
2027-03-06T00:00:00+00:00,ligue-1,"Regular Season - 23","Angers","Auxerre",0.4093,0.2829,0.3077,1.5,1.28,https://theopenmodel.com/match/angers-vs-auxerre-2027-03-06/
2027-03-06T00:00:00+00:00,ligue-1,"Regular Season - 23","Lille","Marseille",0.4723,0.2755,0.2522,1.64,1.15,https://theopenmodel.com/match/lille-vs-marseille-2027-03-06/
2027-03-06T00:00:00+00:00,ligue-1,"Regular Season - 23","Monaco","Lyon",0.4329,0.2808,0.2863,1.55,1.23,https://theopenmodel.com/match/monaco-vs-lyon-2027-03-06/
2027-03-06T00:00:00+00:00,ligue-1,"Regular Season - 23","Toulouse","Le Mans",0.494,0.2717,0.2343,1.68,1.1,https://theopenmodel.com/match/toulouse-vs-le-mans-2027-03-06/
2027-03-06T00:00:00+00:00,ligue-1,"Regular Season - 23","Troyes","Lorient",0.3105,0.2832,0.4064,1.29,1.5,https://theopenmodel.com/match/troyes-vs-lorient-2027-03-06/
2027-03-06T00:00:00+00:00,ligue-1,"Regular Season - 23","Le Havre","Nice",0.3392,0.2847,0.3761,1.35,1.43,https://theopenmodel.com/match/le-havre-vs-nice-2027-03-06/
2027-03-06T00:00:00+00:00,ligue-1,"Regular Season - 23","Paris FC","Brest",0.5024,0.2701,0.2275,1.7,1.08,https://theopenmodel.com/match/paris-fc-vs-brest-2027-03-06/
2027-03-06T00:00:00+00:00,ligue-1,"Regular Season - 23","Lens","Strasbourg",0.458,0.2776,0.2644,1.6,1.18,https://theopenmodel.com/match/lens-vs-strasbourg-2027-03-06/
2027-03-06T16:00:00+00:00,ligue-1,"Regular Season - 23","Rennes","Paris SG",0.2109,0.2656,0.5235,1.04,1.74,https://theopenmodel.com/match/rennes-vs-paris-sg-2027-03-06/
2027-03-07T00:00:00+00:00,la-liga,"Regular Season - 27","Barcelona","Betis",0.683,0.2147,0.1023,2.08,0.7,https://theopenmodel.com/match/barcelona-vs-betis-2027-03-07/
2027-03-07T00:00:00+00:00,la-liga,"Regular Season - 27","Atlético","Celta",0.6208,0.2382,0.141,1.95,0.84,https://theopenmodel.com/match/atletico-vs-celta-2027-03-07/
2027-03-07T00:00:00+00:00,la-liga,"Regular Season - 27","Valencia","Levante",0.4365,0.2804,0.2831,1.56,1.22,https://theopenmodel.com/match/valencia-vs-levante-2027-03-07/
2027-03-07T00:00:00+00:00,la-liga,"Regular Season - 27","Villarreal","Real Madrid",0.209,0.2651,0.5259,1.04,1.75,https://theopenmodel.com/match/villarreal-vs-real-madrid-2027-03-07/
2027-03-07T00:00:00+00:00,la-liga,"Regular Season - 27","Sevilla","Real Sociedad",0.3964,0.2838,0.3198,1.48,1.31,https://theopenmodel.com/match/sevilla-vs-real-sociedad-2027-03-07/
2027-03-07T00:00:00+00:00,la-liga,"Regular Season - 27","Espanyol","Santander",0.4448,0.2794,0.2758,1.58,1.2,https://theopenmodel.com/match/espanyol-vs-santander-2027-03-07/
2027-03-07T00:00:00+00:00,la-liga,"Regular Season - 27","Alaves","Bilbao",0.4844,0.2734,0.2422,1.66,1.12,https://theopenmodel.com/match/alaves-vs-bilbao-2027-03-07/
2027-03-07T00:00:00+00:00,la-liga,"Regular Season - 27","Depor","Getafe",0.4401,0.28,0.28,1.57,1.21,https://theopenmodel.com/match/depor-vs-getafe-2027-03-07/
2027-03-07T00:00:00+00:00,la-liga,"Regular Season - 27","Rayo Vallecano","Osasuna",0.4592,0.2775,0.2634,1.61,1.17,https://theopenmodel.com/match/rayo-vallecano-vs-osasuna-2027-03-07/
2027-03-07T00:00:00+00:00,la-liga,"Regular Season - 27","Elche","Malaga",0.4856,0.2732,0.2412,1.66,1.12,https://theopenmodel.com/match/elche-vs-malaga-2027-03-07/
2027-03-07T00:00:00+00:00,serie-a,"Regular Season - 27","Lazio","Frosinone",0.5132,0.2679,0.2189,1.72,1.06,https://theopenmodel.com/match/lazio-vs-frosinone-2027-03-07/
2027-03-07T00:00:00+00:00,serie-a,"Regular Season - 27","Sassuolo","Bologna",0.3906,0.2841,0.3253,1.46,1.32,https://theopenmodel.com/match/sassuolo-vs-bologna-2027-03-07/
2027-03-07T00:00:00+00:00,serie-a,"Regular Season - 27","Milan","Cagliari",0.5614,0.2563,0.1823,1.82,0.96,https://theopenmodel.com/match/milan-vs-cagliari-2027-03-07/
2027-03-07T00:00:00+00:00,serie-a,"Regular Season - 27","Napoli","Parma",0.6511,0.2273,0.1216,2.01,0.77,https://theopenmodel.com/match/napoli-vs-parma-2027-03-07/
2027-03-07T00:00:00+00:00,serie-a,"Regular Season - 27","Udinese","Internazionale",0.1501,0.2427,0.6072,0.87,1.92,https://theopenmodel.com/match/udinese-vs-internazionale-2027-03-07/
2027-03-07T00:00:00+00:00,serie-a,"Regular Season - 27","Juventus","Roma",0.3641,0.2849,0.351,1.41,1.38,https://theopenmodel.com/match/juventus-vs-roma-2027-03-07/
2027-03-07T00:00:00+00:00,serie-a,"Regular Season - 27","Atalanta","Torino",0.5506,0.2591,0.1903,1.8,0.98,https://theopenmodel.com/match/atalanta-vs-torino-2027-03-07/
2027-03-07T00:00:00+00:00,serie-a,"Regular Season - 27","Fiorentina","Venezia",0.5036,0.2698,0.2266,1.7,1.08,https://theopenmodel.com/match/fiorentina-vs-venezia-2027-03-07/
2027-03-07T00:00:00+00:00,serie-a,"Regular Season - 27","Lecce","Como",0.2044,0.2637,0.5319,1.02,1.76,https://theopenmodel.com/match/lecce-vs-como-2027-03-07/
2027-03-07T00:00:00+00:00,serie-a,"Regular Season - 27","Monza","Genoa",0.427,0.2814,0.2916,1.54,1.24,https://theopenmodel.com/match/monza-vs-genoa-2027-03-07/
2027-03-13T00:00:00+00:00,bundesliga,"Regular Season - 26","Bayern München","Mainz",0.76,0.1791,0.061,2.26,0.52,https://theopenmodel.com/match/bayern-munchen-vs-mainz-2027-03-13/
2027-03-13T00:00:00+00:00,bundesliga,"Regular Season - 26","Werder","Stuttgart",0.3094,0.2831,0.4075,1.28,1.5,https://theopenmodel.com/match/werder-vs-stuttgart-2027-03-13/
2027-03-13T00:00:00+00:00,bundesliga,"Regular Season - 26","Gladbach","Hamburg",0.4105,0.2829,0.3067,1.51,1.28,https://theopenmodel.com/match/gladbach-vs-hamburg-2027-03-13/
2027-03-13T00:00:00+00:00,bundesliga,"Regular Season - 26","Leverkusen","Köln",0.6762,0.2175,0.1063,2.06,0.72,https://theopenmodel.com/match/leverkusen-vs-koln-2027-03-13/
2027-03-13T00:00:00+00:00,bundesliga,"Regular Season - 26","Frankfurt","Paderborn",0.4952,0.2715,0.2333,1.68,1.1,https://theopenmodel.com/match/frankfurt-vs-paderborn-2027-03-13/
2027-03-13T00:00:00+00:00,bundesliga,"Regular Season - 26","Augsburg","RB Leipzig",0.3482,0.2849,0.3669,1.37,1.41,https://theopenmodel.com/match/augsburg-vs-rb-leipzig-2027-03-13/
2027-03-13T00:00:00+00:00,bundesliga,"Regular Season - 26","Schalke","Hoffenheim",0.3236,0.284,0.3923,1.32,1.47,https://theopenmodel.com/match/schalke-vs-hoffenheim-2027-03-13/
2027-03-13T00:00:00+00:00,bundesliga,"Regular Season - 26","Union Berlin","Freiburg",0.2517,0.2754,0.4729,1.15,1.64,https://theopenmodel.com/match/union-berlin-vs-freiburg-2027-03-13/
2027-03-13T00:00:00+00:00,bundesliga,"Regular Season - 26","Elversberg","Dortmund",0.1784,0.2548,0.5668,0.95,1.83,https://theopenmodel.com/match/elversberg-vs-dortmund-2027-03-13/
2027-03-13T00:00:00+00:00,ligue-1,"Regular Season - 24","Lyon","Troyes",0.6964,0.209,0.0945,2.11,0.67,https://theopenmodel.com/match/lyon-vs-troyes-2027-03-13/
2027-03-13T00:00:00+00:00,ligue-1,"Regular Season - 24","Marseille","Monaco",0.3061,0.2828,0.4111,1.28,1.51,https://theopenmodel.com/match/marseille-vs-monaco-2027-03-13/
2027-03-13T00:00:00+00:00,ligue-1,"Regular Season - 24","Nice","Toulouse",0.3871,0.2843,0.3286,1.46,1.33,https://theopenmodel.com/match/nice-vs-toulouse-2027-03-13/
2027-03-13T00:00:00+00:00,ligue-1,"Regular Season - 24","Strasbourg","Angers",0.5494,0.2594,0.1912,1.8,0.99,https://theopenmodel.com/match/strasbourg-vs-angers-2027-03-13/
2027-03-13T00:00:00+00:00,ligue-1,"Regular Season - 24","Brest","Lille",0.2691,0.2784,0.4526,1.19,1.59,https://theopenmodel.com/match/brest-vs-lille-2027-03-13/
2027-03-13T00:00:00+00:00,ligue-1,"Regular Season - 24","Auxerre","Paris SG",0.1128,0.2218,0.6654,0.74,2.04,https://theopenmodel.com/match/auxerre-vs-paris-sg-2027-03-13/
2027-03-13T00:00:00+00:00,ligue-1,"Regular Season - 24","Le Havre","Lens",0.2062,0.2643,0.5295,1.03,1.75,https://theopenmodel.com/match/le-havre-vs-lens-2027-03-13/
2027-03-13T00:00:00+00:00,ligue-1,"Regular Season - 24","Paris FC","Lorient",0.488,0.2728,0.2392,1.67,1.11,https://theopenmodel.com/match/paris-fc-vs-lorient-2027-03-13/
2027-03-13T00:00:00+00:00,ligue-1,"Regular Season - 24","Le Mans","Rennes",0.2517,0.2754,0.4729,1.15,1.64,https://theopenmodel.com/match/le-mans-vs-rennes-2027-03-13/
2027-03-13T15:00:00+00:00,premier-league,"Regular Season - 29","Man United","Everton",0.4306,0.281,0.2884,1.55,1.23,https://theopenmodel.com/match/man-united-vs-everton-2027-03-13/
2027-03-13T15:00:00+00:00,premier-league,"Regular Season - 29","Bournemouth","Newcastle",0.379,0.2846,0.3364,1.44,1.34,https://theopenmodel.com/match/bournemouth-vs-newcastle-2027-03-13/
2027-03-13T15:00:00+00:00,premier-league,"Regular Season - 29","Liverpool","Ipswich",0.7042,0.2056,0.0901,2.13,0.65,https://theopenmodel.com/match/liverpool-vs-ipswich-2027-03-13/
2027-03-13T15:00:00+00:00,premier-league,"Regular Season - 29","Tottenham","Forest",0.3802,0.2846,0.3353,1.44,1.34,https://theopenmodel.com/match/tottenham-vs-forest-2027-03-13/
2027-03-13T15:00:00+00:00,premier-league,"Regular Season - 29","Chelsea","Arsenal",0.2329,0.2714,0.4958,1.1,1.68,https://theopenmodel.com/match/chelsea-vs-arsenal-2027-03-13/
2027-03-13T15:00:00+00:00,premier-league,"Regular Season - 29","Crystal Palace","Fulham",0.4365,0.2804,0.2831,1.56,1.22,https://theopenmodel.com/match/crystal-palace-vs-fulham-2027-03-13/
2027-03-13T15:00:00+00:00,premier-league,"Regular Season - 29","Leeds","Brighton",0.3203,0.2838,0.3958,1.31,1.47,https://theopenmodel.com/match/leeds-vs-brighton-2027-03-13/
2027-03-13T15:00:00+00:00,premier-league,"Regular Season - 29","Aston Villa","Hull",0.6383,0.232,0.1297,1.98,0.8,https://theopenmodel.com/match/aston-villa-vs-hull-2027-03-13/
2027-03-13T15:00:00+00:00,premier-league,"Regular Season - 29","Sunderland","Brentford",0.2477,0.2746,0.4777,1.14,1.65,https://theopenmodel.com/match/sunderland-vs-brentford-2027-03-13/
2027-03-13T15:00:00+00:00,premier-league,"Regular Season - 29","Coventry","Man City",0.0701,0.1883,0.7416,0.57,2.21,https://theopenmodel.com/match/coventry-vs-man-city-2027-03-13/
2027-03-14T00:00:00+00:00,la-liga,"Regular Season - 28","Barcelona","Depor",0.8117,0.1507,0.0376,2.39,0.39,https://theopenmodel.com/match/barcelona-vs-depor-2027-03-14/
2027-03-14T00:00:00+00:00,la-liga,"Regular Season - 28","Bilbao","Valencia",0.3652,0.2849,0.3499,1.41,1.37,https://theopenmodel.com/match/bilbao-vs-valencia-2027-03-14/
2027-03-14T00:00:00+00:00,la-liga,"Regular Season - 28","Malaga","Rayo Vallecano",0.304,0.2826,0.4134,1.27,1.51,https://theopenmodel.com/match/malaga-vs-rayo-vallecano-2027-03-14/
2027-03-14T00:00:00+00:00,la-liga,"Regular Season - 28","Real Madrid","Espanyol",0.74,0.1891,0.0709,2.21,0.57,https://theopenmodel.com/match/real-madrid-vs-espanyol-2027-03-14/
2027-03-14T00:00:00+00:00,la-liga,"Regular Season - 28","Alaves","Sevilla",0.3953,0.2839,0.3209,1.47,1.31,https://theopenmodel.com/match/alaves-vs-sevilla-2027-03-14/
2027-03-14T00:00:00+00:00,la-liga,"Regular Season - 28","Betis","Levante",0.5709,0.2536,0.1754,1.84,0.94,https://theopenmodel.com/match/betis-vs-levante-2027-03-14/
2027-03-14T00:00:00+00:00,la-liga,"Regular Season - 28","Getafe","Real Sociedad",0.3214,0.2839,0.3947,1.31,1.47,https://theopenmodel.com/match/getafe-vs-real-sociedad-2027-03-14/
2027-03-14T00:00:00+00:00,la-liga,"Regular Season - 28","Osasuna","Celta",0.3813,0.2845,0.3342,1.44,1.34,https://theopenmodel.com/match/osasuna-vs-celta-2027-03-14/
2027-03-14T00:00:00+00:00,la-liga,"Regular Season - 28","Elche","Villarreal",0.3192,0.2838,0.397,1.31,1.48,https://theopenmodel.com/match/elche-vs-villarreal-2027-03-14/
2027-03-14T00:00:00+00:00,la-liga,"Regular Season - 28","Santander","Atlético",0.1733,0.2528,0.5739,0.94,1.85,https://theopenmodel.com/match/santander-vs-atletico-2027-03-14/
2027-03-14T00:00:00+00:00,serie-a,"Regular Season - 28","Lazio","Juventus",0.3698,0.2848,0.3454,1.42,1.36,https://theopenmodel.com/match/lazio-vs-juventus-2027-03-14/
2027-03-14T00:00:00+00:00,serie-a,"Regular Season - 28","Milan","Sassuolo",0.5829,0.2502,0.1669,1.87,0.92,https://theopenmodel.com/match/milan-vs-sassuolo-2027-03-14/
2027-03-14T00:00:00+00:00,serie-a,"Regular Season - 28","Cagliari","Fiorentina",0.4639,0.2768,0.2593,1.62,1.16,https://theopenmodel.com/match/cagliari-vs-fiorentina-2027-03-14/
2027-03-14T00:00:00+00:00,serie-a,"Regular Season - 28","Genoa","Roma",0.1438,0.2396,0.6167,0.85,1.94,https://theopenmodel.com/match/genoa-vs-roma-2027-03-14/
2027-03-14T00:00:00+00:00,serie-a,"Regular Season - 28","Bologna","Napoli",0.29,0.2812,0.4288,1.24,1.54,https://theopenmodel.com/match/bologna-vs-napoli-2027-03-14/
2027-03-14T00:00:00+00:00,serie-a,"Regular Season - 28","Torino","Internazionale",0.1391,0.2372,0.6237,0.83,1.95,https://theopenmodel.com/match/torino-vs-internazionale-2027-03-14/
2027-03-14T00:00:00+00:00,serie-a,"Regular Season - 28","Frosinone","Monza",0.5241,0.2655,0.2104,1.74,1.04,https://theopenmodel.com/match/frosinone-vs-monza-2027-03-14/
2027-03-14T00:00:00+00:00,serie-a,"Regular Season - 28","Venezia","Atalanta",0.2175,0.2675,0.5151,1.06,1.72,https://theopenmodel.com/match/venezia-vs-atalanta-2027-03-14/
2027-03-14T00:00:00+00:00,serie-a,"Regular Season - 28","Parma","Lecce",0.4317,0.2809,0.2874,1.55,1.23,https://theopenmodel.com/match/parma-vs-lecce-2027-03-14/
2027-03-14T00:00:00+00:00,serie-a,"Regular Season - 28","Como","Udinese",0.5686,0.2543,0.1771,1.83,0.95,https://theopenmodel.com/match/como-vs-udinese-2027-03-14/
2027-03-20T00:00:00+00:00,bundesliga,"Regular Season - 27","Freiburg","Elversberg",0.553,0.2585,0.1885,1.8,0.98,https://theopenmodel.com/match/freiburg-vs-elversberg-2027-03-20/
2027-03-20T00:00:00+00:00,bundesliga,"Regular Season - 27","Mainz","Augsburg",0.4152,0.2825,0.3023,1.52,1.27,https://theopenmodel.com/match/mainz-vs-augsburg-2027-03-20/
2027-03-20T00:00:00+00:00,bundesliga,"Regular Season - 27","Dortmund","Gladbach",0.7516,0.1833,0.0651,2.24,0.54,https://theopenmodel.com/match/dortmund-vs-gladbach-2027-03-20/
2027-03-20T00:00:00+00:00,bundesliga,"Regular Season - 27","Hoffenheim","Frankfurt",0.3883,0.2842,0.3275,1.46,1.32,https://theopenmodel.com/match/hoffenheim-vs-frankfurt-2027-03-20/
2027-03-20T00:00:00+00:00,bundesliga,"Regular Season - 27","Stuttgart","Schalke",0.6055,0.2432,0.1513,1.91,0.87,https://theopenmodel.com/match/stuttgart-vs-schalke-2027-03-20/
2027-03-20T00:00:00+00:00,bundesliga,"Regular Season - 27","RB Leipzig","Union Berlin",0.5757,0.2523,0.172,1.85,0.93,https://theopenmodel.com/match/rb-leipzig-vs-union-berlin-2027-03-20/
2027-03-20T00:00:00+00:00,bundesliga,"Regular Season - 27","Hamburg","Werder",0.3358,0.2846,0.3796,1.34,1.44,https://theopenmodel.com/match/hamburg-vs-werder-2027-03-20/
2027-03-20T00:00:00+00:00,bundesliga,"Regular Season - 27","Paderborn","Leverkusen",0.1989,0.262,0.5391,1.01,1.77,https://theopenmodel.com/match/paderborn-vs-leverkusen-2027-03-20/
2027-03-20T00:00:00+00:00,bundesliga,"Regular Season - 27","Köln","Bayern München",0.0617,0.1799,0.7584,0.53,2.25,https://theopenmodel.com/match/koln-vs-bayern-munchen-2027-03-20/
2027-03-20T00:00:00+00:00,ligue-1,"Regular Season - 25","Angers","Le Mans",0.4412,0.2798,0.2789,1.57,1.21,https://theopenmodel.com/match/angers-vs-le-mans-2027-03-20/
2027-03-20T00:00:00+00:00,ligue-1,"Regular Season - 25","Paris SG","Strasbourg",0.6522,0.2269,0.1209,2.01,0.77,https://theopenmodel.com/match/paris-sg-vs-strasbourg-2027-03-20/
2027-03-20T00:00:00+00:00,ligue-1,"Regular Season - 25","Monaco","Le Havre",0.7108,0.2027,0.0865,2.14,0.64,https://theopenmodel.com/match/monaco-vs-le-havre-2027-03-20/
2027-03-20T00:00:00+00:00,ligue-1,"Regular Season - 25","Toulouse","Brest",0.4282,0.2813,0.2906,1.54,1.24,https://theopenmodel.com/match/toulouse-vs-brest-2027-03-20/
2027-03-20T00:00:00+00:00,ligue-1,"Regular Season - 25","Lorient","Nice",0.4412,0.2798,0.2789,1.57,1.21,https://theopenmodel.com/match/lorient-vs-nice-2027-03-20/
2027-03-20T00:00:00+00:00,ligue-1,"Regular Season - 25","Troyes","Auxerre",0.355,0.2849,0.3601,1.39,1.4,https://theopenmodel.com/match/troyes-vs-auxerre-2027-03-20/
2027-03-20T00:00:00+00:00,ligue-1,"Regular Season - 25","Lens","Lille",0.3999,0.2836,0.3165,1.48,1.3,https://theopenmodel.com/match/lens-vs-lille-2027-03-20/
2027-03-20T00:00:00+00:00,ligue-1,"Regular Season - 25","Rennes","Paris FC",0.4353,0.2805,0.2842,1.56,1.22,https://theopenmodel.com/match/rennes-vs-paris-fc-2027-03-20/
2027-03-20T15:00:00+00:00,premier-league,"Regular Season - 30","Newcastle","Leeds",0.4496,0.2788,0.2716,1.59,1.19,https://theopenmodel.com/match/newcastle-vs-leeds-2027-03-20/
2027-03-20T15:00:00+00:00,premier-league,"Regular Season - 30","Fulham","Liverpool",0.2368,0.2723,0.491,1.11,1.67,https://theopenmodel.com/match/fulham-vs-liverpool-2027-03-20/
2027-03-20T15:00:00+00:00,premier-league,"Regular Season - 30","Arsenal","Sunderland",0.7672,0.1754,0.0575,2.28,0.51,https://theopenmodel.com/match/arsenal-vs-sunderland-2027-03-20/
2027-03-20T15:00:00+00:00,premier-league,"Regular Season - 30","Everton","Tottenham",0.5084,0.2689,0.2227,1.71,1.07,https://theopenmodel.com/match/everton-vs-tottenham-2027-03-20/
2027-03-20T15:00:00+00:00,premier-league,"Regular Season - 30","Man City","Man United",0.6464,0.2291,0.1245,2,0.78,https://theopenmodel.com/match/man-city-vs-man-united-2027-03-20/
2027-03-20T15:00:00+00:00,premier-league,"Regular Season - 30","Brighton","Coventry",0.7108,0.2027,0.0865,2.14,0.64,https://theopenmodel.com/match/brighton-vs-coventry-2027-03-20/
2027-03-20T15:00:00+00:00,premier-league,"Regular Season - 30","Brentford","Bournemouth",0.4604,0.2773,0.2624,1.61,1.17,https://theopenmodel.com/match/brentford-vs-bournemouth-2027-03-20/
2027-03-20T15:00:00+00:00,premier-league,"Regular Season - 30","Ipswich","Crystal Palace",0.2975,0.282,0.4205,1.26,1.53,https://theopenmodel.com/match/ipswich-vs-crystal-palace-2027-03-20/
2027-03-20T15:00:00+00:00,premier-league,"Regular Season - 30","Hull","Chelsea",0.2035,0.2634,0.5331,1.02,1.76,https://theopenmodel.com/match/hull-vs-chelsea-2027-03-20/
2027-03-20T15:00:00+00:00,premier-league,"Regular Season - 30","Forest","Aston Villa",0.3347,0.2845,0.3807,1.34,1.44,https://theopenmodel.com/match/forest-vs-aston-villa-2027-03-20/
2027-03-21T00:00:00+00:00,la-liga,"Regular Season - 29","Atlético","Getafe",0.6694,0.2202,0.1104,2.05,0.73,https://theopenmodel.com/match/atletico-vs-getafe-2027-03-21/
2027-03-21T00:00:00+00:00,la-liga,"Regular Season - 29","Valencia","Depor",0.427,0.2814,0.2916,1.54,1.24,https://theopenmodel.com/match/valencia-vs-depor-2027-03-21/
2027-03-21T00:00:00+00:00,la-liga,"Regular Season - 29","Villarreal","Malaga",0.5853,0.2495,0.1652,1.87,0.91,https://theopenmodel.com/match/villarreal-vs-malaga-2027-03-21/
2027-03-21T00:00:00+00:00,la-liga,"Regular Season - 29","Sevilla","Elche",0.4747,0.2751,0.2502,1.64,1.14,https://theopenmodel.com/match/sevilla-vs-elche-2027-03-21/
2027-03-21T00:00:00+00:00,la-liga,"Regular Season - 29","Celta","Real Madrid",0.1598,0.2472,0.593,0.9,1.89,https://theopenmodel.com/match/celta-vs-real-madrid-2027-03-21/
2027-03-21T00:00:00+00:00,la-liga,"Regular Season - 29","Levante","Osasuna",0.414,0.2826,0.3034,1.51,1.27,https://theopenmodel.com/match/levante-vs-osasuna-2027-03-21/
2027-03-21T00:00:00+00:00,la-liga,"Regular Season - 29","Espanyol","Bilbao",0.4365,0.2804,0.2831,1.56,1.22,https://theopenmodel.com/match/espanyol-vs-bilbao-2027-03-21/
2027-03-21T00:00:00+00:00,la-liga,"Regular Season - 29","Real Sociedad","Alaves",0.4508,0.2786,0.2706,1.59,1.19,https://theopenmodel.com/match/real-sociedad-vs-alaves-2027-03-21/
2027-03-21T00:00:00+00:00,la-liga,"Regular Season - 29","Rayo Vallecano","Barcelona",0.1053,0.2168,0.6779,0.71,2.07,https://theopenmodel.com/match/rayo-vallecano-vs-barcelona-2027-03-21/
2027-03-21T00:00:00+00:00,la-liga,"Regular Season - 29","Santander","Betis",0.2378,0.2725,0.4898,1.11,1.67,https://theopenmodel.com/match/santander-vs-betis-2027-03-21/
2027-03-21T00:00:00+00:00,serie-a,"Regular Season - 29","Sassuolo","Cagliari",0.3929,0.284,0.3231,1.47,1.31,https://theopenmodel.com/match/sassuolo-vs-cagliari-2027-03-21/
2027-03-21T00:00:00+00:00,serie-a,"Regular Season - 29","Napoli","Venezia",0.6853,0.2138,0.101,2.08,0.7,https://theopenmodel.com/match/napoli-vs-venezia-2027-03-21/
2027-03-21T00:00:00+00:00,serie-a,"Regular Season - 29","Udinese","Torino",0.4306,0.281,0.2884,1.55,1.23,https://theopenmodel.com/match/udinese-vs-torino-2027-03-21/
2027-03-21T00:00:00+00:00,serie-a,"Regular Season - 29","Juventus","Como",0.4532,0.2783,0.2685,1.6,1.19,https://theopenmodel.com/match/juventus-vs-como-2027-03-21/
2027-03-21T00:00:00+00:00,serie-a,"Regular Season - 29","Roma","Lecce",0.7325,0.1927,0.0748,2.19,0.59,https://theopenmodel.com/match/roma-vs-lecce-2027-03-21/
2027-03-21T00:00:00+00:00,serie-a,"Regular Season - 29","Atalanta","Milan",0.3471,0.2849,0.3681,1.37,1.41,https://theopenmodel.com/match/atalanta-vs-milan-2027-03-21/
2027-03-21T00:00:00+00:00,serie-a,"Regular Season - 29","Fiorentina","Genoa",0.4795,0.2743,0.2462,1.65,1.13,https://theopenmodel.com/match/fiorentina-vs-genoa-2027-03-21/
2027-03-21T00:00:00+00:00,serie-a,"Regular Season - 29","Internazionale","Frosinone",0.6728,0.2189,0.1083,2.06,0.72,https://theopenmodel.com/match/internazionale-vs-frosinone-2027-03-21/
2027-03-21T00:00:00+00:00,serie-a,"Regular Season - 29","Parma","Lazio",0.2232,0.269,0.5078,1.07,1.71,https://theopenmodel.com/match/parma-vs-lazio-2027-03-21/
2027-03-21T00:00:00+00:00,serie-a,"Regular Season - 29","Monza","Bologna",0.3137,0.2834,0.4029,1.29,1.49,https://theopenmodel.com/match/monza-vs-bologna-2027-03-21/
2027-03-21T19:45:00+00:00,ligue-1,"Regular Season - 25","Marseille","Lyon",0.3236,0.284,0.3923,1.32,1.47,https://theopenmodel.com/match/marseille-vs-lyon-2027-03-21/
2027-04-03T00:00:00+00:00,bundesliga,"Regular Season - 28","Bayern München","Hamburg",0.8522,0.1246,0.0232,2.53,0.3,https://theopenmodel.com/match/bayern-munchen-vs-hamburg-2027-04-03/
2027-04-03T00:00:00+00:00,bundesliga,"Regular Season - 28","Gladbach","Werder",0.3325,0.2845,0.3831,1.34,1.45,https://theopenmodel.com/match/gladbach-vs-werder-2027-04-03/
2027-04-03T00:00:00+00:00,bundesliga,"Regular Season - 28","Leverkusen","Dortmund",0.3538,0.2849,0.3612,1.38,1.4,https://theopenmodel.com/match/leverkusen-vs-dortmund-2027-04-03/
2027-04-03T00:00:00+00:00,bundesliga,"Regular Season - 28","Frankfurt","Stuttgart",0.3459,0.2848,0.3692,1.36,1.42,https://theopenmodel.com/match/frankfurt-vs-stuttgart-2027-04-03/
2027-04-03T00:00:00+00:00,bundesliga,"Regular Season - 28","Augsburg","Hoffenheim",0.4496,0.2788,0.2716,1.59,1.19,https://theopenmodel.com/match/augsburg-vs-hoffenheim-2027-04-03/
2027-04-03T00:00:00+00:00,bundesliga,"Regular Season - 28","RB Leipzig","Freiburg",0.3999,0.2836,0.3165,1.48,1.3,https://theopenmodel.com/match/rb-leipzig-vs-freiburg-2027-04-03/
2027-04-03T00:00:00+00:00,bundesliga,"Regular Season - 28","Schalke","Paderborn",0.3756,0.2847,0.3397,1.43,1.35,https://theopenmodel.com/match/schalke-vs-paderborn-2027-04-03/
2027-04-03T00:00:00+00:00,bundesliga,"Regular Season - 28","Union Berlin","Mainz",0.3236,0.284,0.3923,1.32,1.47,https://theopenmodel.com/match/union-berlin-vs-mainz-2027-04-03/
2027-04-03T00:00:00+00:00,bundesliga,"Regular Season - 28","Elversberg","Köln",0.4711,0.2757,0.2532,1.63,1.15,https://theopenmodel.com/match/elversberg-vs-koln-2027-04-03/
2027-04-03T00:00:00+00:00,ligue-1,"Regular Season - 26","Angers","Monaco",0.1934,0.2602,0.5464,0.99,1.79,https://theopenmodel.com/match/angers-vs-monaco-2027-04-03/
2027-04-03T00:00:00+00:00,ligue-1,"Regular Season - 26","Nice","Lyon",0.228,0.2702,0.5018,1.08,1.7,https://theopenmodel.com/match/nice-vs-lyon-2027-04-03/
2027-04-03T00:00:00+00:00,ligue-1,"Regular Season - 26","Strasbourg","Toulouse",0.4964,0.2712,0.2324,1.69,1.1,https://theopenmodel.com/match/strasbourg-vs-toulouse-2027-04-03/
2027-04-03T00:00:00+00:00,ligue-1,"Regular Season - 26","Brest","Lorient",0.3999,0.2836,0.3165,1.48,1.3,https://theopenmodel.com/match/brest-vs-lorient-2027-04-03/
2027-04-03T00:00:00+00:00,ligue-1,"Regular Season - 26","Auxerre","Lens",0.2527,0.2756,0.4717,1.15,1.63,https://theopenmodel.com/match/auxerre-vs-lens-2027-04-03/
2027-04-03T00:00:00+00:00,ligue-1,"Regular Season - 26","Le Havre","Troyes",0.4175,0.2823,0.3002,1.52,1.26,https://theopenmodel.com/match/le-havre-vs-troyes-2027-04-03/
2027-04-03T00:00:00+00:00,ligue-1,"Regular Season - 26","Paris FC","Paris SG",0.1943,0.2605,0.5452,1,1.79,https://theopenmodel.com/match/paris-fc-vs-paris-sg-2027-04-03/
2027-04-03T00:00:00+00:00,ligue-1,"Regular Season - 26","Le Mans","Marseille",0.2629,0.2774,0.4598,1.17,1.61,https://theopenmodel.com/match/le-mans-vs-marseille-2027-04-03/
2027-04-03T00:00:00+00:00,ligue-1,"Regular Season - 26","Lille","Rennes",0.4592,0.2775,0.2634,1.61,1.17,https://theopenmodel.com/match/lille-vs-rennes-2027-04-03/
2027-04-04T00:00:00+00:00,la-liga,"Regular Season - 30","Barcelona","Sevilla",0.7682,0.1748,0.057,2.28,0.5,https://theopenmodel.com/match/barcelona-vs-sevilla-2027-04-04/
2027-04-04T00:00:00+00:00,la-liga,"Regular Season - 30","Bilbao","Santander",0.4223,0.2818,0.2959,1.53,1.25,https://theopenmodel.com/match/bilbao-vs-santander-2027-04-04/
2027-04-04T00:00:00+00:00,la-liga,"Regular Season - 30","Malaga","Osasuna",0.3459,0.2848,0.3692,1.36,1.42,https://theopenmodel.com/match/malaga-vs-osasuna-2027-04-04/
2027-04-04T00:00:00+00:00,la-liga,"Regular Season - 30","Levante","Rayo Vallecano",0.3698,0.2848,0.3454,1.42,1.36,https://theopenmodel.com/match/levante-vs-rayo-vallecano-2027-04-04/
2027-04-04T00:00:00+00:00,la-liga,"Regular Season - 30","Real Madrid","Atlético",0.5024,0.2701,0.2275,1.7,1.08,https://theopenmodel.com/match/real-madrid-vs-atletico-2027-04-04/
2027-04-04T00:00:00+00:00,la-liga,"Regular Season - 30","Betis","Celta",0.5373,0.2624,0.2002,1.77,1.01,https://theopenmodel.com/match/betis-vs-celta-2027-04-04/
2027-04-04T00:00:00+00:00,la-liga,"Regular Season - 30","Depor","Villarreal",0.3269,0.2842,0.3889,1.32,1.46,https://theopenmodel.com/match/depor-vs-villarreal-2027-04-04/
2027-04-04T00:00:00+00:00,la-liga,"Regular Season - 30","Getafe","Espanyol",0.4023,0.2834,0.3143,1.49,1.29,https://theopenmodel.com/match/getafe-vs-espanyol-2027-04-04/
2027-04-04T00:00:00+00:00,la-liga,"Regular Season - 30","Real Sociedad","Valencia",0.4711,0.2757,0.2532,1.63,1.15,https://theopenmodel.com/match/real-sociedad-vs-valencia-2027-04-04/
2027-04-04T00:00:00+00:00,la-liga,"Regular Season - 30","Elche","Alaves",0.3733,0.2848,0.342,1.43,1.36,https://theopenmodel.com/match/elche-vs-alaves-2027-04-04/
2027-04-04T00:00:00+00:00,serie-a,"Regular Season - 30","Sassuolo","Atalanta",0.3192,0.2838,0.397,1.31,1.48,https://theopenmodel.com/match/sassuolo-vs-atalanta-2027-04-04/
2027-04-04T00:00:00+00:00,serie-a,"Regular Season - 30","Milan","Monza",0.6625,0.2229,0.1145,2.04,0.75,https://theopenmodel.com/match/milan-vs-monza-2027-04-04/
2027-04-04T00:00:00+00:00,serie-a,"Regular Season - 30","Cagliari","Napoli",0.2879,0.281,0.4311,1.23,1.55,https://theopenmodel.com/match/cagliari-vs-napoli-2027-04-04/
2027-04-04T00:00:00+00:00,serie-a,"Regular Season - 30","Genoa","Internazionale",0.1046,0.2163,0.679,0.71,2.07,https://theopenmodel.com/match/genoa-vs-internazionale-2027-04-04/
2027-04-04T00:00:00+00:00,serie-a,"Regular Season - 30","Roma","Bologna",0.6149,0.2402,0.1449,1.93,0.85,https://theopenmodel.com/match/roma-vs-bologna-2027-04-04/
2027-04-04T00:00:00+00:00,serie-a,"Regular Season - 30","Torino","Juventus",0.2232,0.269,0.5078,1.07,1.71,https://theopenmodel.com/match/torino-vs-juventus-2027-04-04/
2027-04-04T00:00:00+00:00,serie-a,"Regular Season - 30","Frosinone","Udinese",0.4627,0.2769,0.2603,1.62,1.17,https://theopenmodel.com/match/frosinone-vs-udinese-2027-04-04/
2027-04-04T00:00:00+00:00,serie-a,"Regular Season - 30","Venezia","Parma",0.379,0.2846,0.3364,1.44,1.34,https://theopenmodel.com/match/venezia-vs-parma-2027-04-04/
2027-04-04T00:00:00+00:00,serie-a,"Regular Season - 30","Lecce","Lazio",0.209,0.2651,0.5259,1.04,1.75,https://theopenmodel.com/match/lecce-vs-lazio-2027-04-04/
2027-04-04T00:00:00+00:00,serie-a,"Regular Season - 30","Como","Fiorentina",0.5769,0.2519,0.1711,1.85,0.93,https://theopenmodel.com/match/como-vs-fiorentina-2027-04-04/
2027-04-10T00:00:00+00:00,bundesliga,"Regular Season - 29","Werder","Frankfurt",0.3756,0.2847,0.3397,1.43,1.35,https://theopenmodel.com/match/werder-vs-frankfurt-2027-04-10/
2027-04-10T00:00:00+00:00,bundesliga,"Regular Season - 29","Gladbach","Leverkusen",0.1673,0.2504,0.5823,0.92,1.86,https://theopenmodel.com/match/gladbach-vs-leverkusen-2027-04-10/
2027-04-10T00:00:00+00:00,bundesliga,"Regular Season - 29","Mainz","RB Leipzig",0.3493,0.2849,0.3658,1.37,1.41,https://theopenmodel.com/match/mainz-vs-rb-leipzig-2027-04-10/
2027-04-10T00:00:00+00:00,bundesliga,"Regular Season - 29","Dortmund","Schalke",0.7485,0.1849,0.0666,2.23,0.55,https://theopenmodel.com/match/dortmund-vs-schalke-2027-04-10/
2027-04-10T00:00:00+00:00,bundesliga,"Regular Season - 29","Hoffenheim","Freiburg",0.3018,0.2824,0.4158,1.27,1.52,https://theopenmodel.com/match/hoffenheim-vs-freiburg-2027-04-10/
2027-04-10T00:00:00+00:00,bundesliga,"Regular Season - 29","Stuttgart","Elversberg",0.5313,0.2638,0.2048,1.76,1.02,https://theopenmodel.com/match/stuttgart-vs-elversberg-2027-04-10/
2027-04-10T00:00:00+00:00,bundesliga,"Regular Season - 29","Hamburg","Union Berlin",0.3779,0.2846,0.3375,1.44,1.35,https://theopenmodel.com/match/hamburg-vs-union-berlin-2027-04-10/
2027-04-10T00:00:00+00:00,bundesliga,"Regular Season - 29","Paderborn","Bayern München",0.0718,0.1898,0.7384,0.58,2.21,https://theopenmodel.com/match/paderborn-vs-bayern-munchen-2027-04-10/
2027-04-10T00:00:00+00:00,bundesliga,"Regular Season - 29","Köln","Augsburg",0.3061,0.2828,0.4111,1.28,1.51,https://theopenmodel.com/match/koln-vs-augsburg-2027-04-10/
2027-04-10T00:00:00+00:00,ligue-1,"Regular Season - 27","Lille","Toulouse",0.5554,0.2579,0.1868,1.81,0.97,https://theopenmodel.com/match/lille-vs-toulouse-2027-04-10/
2027-04-10T00:00:00+00:00,ligue-1,"Regular Season - 27","Lyon","Strasbourg",0.5084,0.2689,0.2227,1.71,1.07,https://theopenmodel.com/match/lyon-vs-strasbourg-2027-04-10/
2027-04-10T00:00:00+00:00,ligue-1,"Regular Season - 27","Marseille","Brest",0.5108,0.2684,0.2208,1.72,1.07,https://theopenmodel.com/match/marseille-vs-brest-2027-04-10/
2027-04-10T00:00:00+00:00,ligue-1,"Regular Season - 27","Nice","Paris FC",0.317,0.2836,0.3993,1.3,1.48,https://theopenmodel.com/match/nice-vs-paris-fc-2027-04-10/
2027-04-10T00:00:00+00:00,ligue-1,"Regular Season - 27","Paris SG","Le Havre",0.8183,0.1468,0.0349,2.41,0.38,https://theopenmodel.com/match/paris-sg-vs-le-havre-2027-04-10/
2027-04-10T00:00:00+00:00,ligue-1,"Regular Season - 27","Lorient","Lens",0.2943,0.2817,0.424,1.25,1.53,https://theopenmodel.com/match/lorient-vs-lens-2027-04-10/
2027-04-10T00:00:00+00:00,ligue-1,"Regular Season - 27","Troyes","Angers",0.3595,0.2849,0.3555,1.4,1.39,https://theopenmodel.com/match/troyes-vs-angers-2027-04-10/
2027-04-10T00:00:00+00:00,ligue-1,"Regular Season - 27","Le Mans","Auxerre",0.3825,0.2845,0.333,1.45,1.34,https://theopenmodel.com/match/le-mans-vs-auxerre-2027-04-10/
2027-04-10T00:00:00+00:00,ligue-1,"Regular Season - 27","Monaco","Rennes",0.5145,0.2676,0.2179,1.72,1.06,https://theopenmodel.com/match/monaco-vs-rennes-2027-04-10/
2027-04-10T14:00:00+00:00,premier-league,"Regular Season - 31","Man United","Hull",0.6325,0.2341,0.1334,1.97,0.81,https://theopenmodel.com/match/man-united-vs-hull-2027-04-10/
2027-04-10T14:00:00+00:00,premier-league,"Regular Season - 31","Bournemouth","Man City",0.1934,0.2602,0.5464,0.99,1.79,https://theopenmodel.com/match/bournemouth-vs-man-city-2027-04-10/
2027-04-10T14:00:00+00:00,premier-league,"Regular Season - 31","Liverpool","Newcastle",0.4952,0.2715,0.2333,1.68,1.1,https://theopenmodel.com/match/liverpool-vs-newcastle-2027-04-10/
2027-04-10T14:00:00+00:00,premier-league,"Regular Season - 31","Tottenham","Brentford",0.2805,0.28,0.4395,1.22,1.57,https://theopenmodel.com/match/tottenham-vs-brentford-2027-04-10/
2027-04-10T14:00:00+00:00,premier-league,"Regular Season - 31","Chelsea","Fulham",0.5229,0.2658,0.2114,1.74,1.04,https://theopenmodel.com/match/chelsea-vs-fulham-2027-04-10/
2027-04-10T14:00:00+00:00,premier-league,"Regular Season - 31","Crystal Palace","Everton",0.3629,0.2849,0.3521,1.4,1.38,https://theopenmodel.com/match/crystal-palace-vs-everton-2027-04-10/
2027-04-10T14:00:00+00:00,premier-league,"Regular Season - 31","Leeds","Forest",0.4747,0.2751,0.2502,1.64,1.14,https://theopenmodel.com/match/leeds-vs-forest-2027-04-10/
2027-04-10T14:00:00+00:00,premier-league,"Regular Season - 31","Aston Villa","Brighton",0.3403,0.2847,0.375,1.35,1.43,https://theopenmodel.com/match/aston-villa-vs-brighton-2027-04-10/
2027-04-10T14:00:00+00:00,premier-league,"Regular Season - 31","Sunderland","Ipswich",0.4568,0.2778,0.2654,1.6,1.18,https://theopenmodel.com/match/sunderland-vs-ipswich-2027-04-10/
2027-04-10T14:00:00+00:00,premier-league,"Regular Season - 31","Coventry","Arsenal",0.0785,0.196,0.7255,0.61,2.18,https://theopenmodel.com/match/coventry-vs-arsenal-2027-04-10/
2027-04-11T00:00:00+00:00,la-liga,"Regular Season - 31","Atlético","Levante",0.6534,0.2265,0.1202,2.02,0.77,https://theopenmodel.com/match/atletico-vs-levante-2027-04-11/
2027-04-11T00:00:00+00:00,la-liga,"Regular Season - 31","Valencia","Getafe",0.4532,0.2783,0.2685,1.6,1.19,https://theopenmodel.com/match/valencia-vs-getafe-2027-04-11/
2027-04-11T00:00:00+00:00,la-liga,"Regular Season - 31","Villarreal","Bilbao",0.5422,0.2612,0.1966,1.78,1,https://theopenmodel.com/match/villarreal-vs-bilbao-2027-04-11/
2027-04-11T00:00:00+00:00,la-liga,"Regular Season - 31","Sevilla","Depor",0.4663,0.2764,0.2573,1.62,1.16,https://theopenmodel.com/match/sevilla-vs-depor-2027-04-11/
2027-04-11T00:00:00+00:00,la-liga,"Regular Season - 31","Celta","Elche",0.446,0.2792,0.2748,1.58,1.2,https://theopenmodel.com/match/celta-vs-elche-2027-04-11/
2027-04-11T00:00:00+00:00,la-liga,"Regular Season - 31","Espanyol","Malaga",0.4795,0.2743,0.2462,1.65,1.13,https://theopenmodel.com/match/espanyol-vs-malaga-2027-04-11/
2027-04-11T00:00:00+00:00,la-liga,"Regular Season - 31","Alaves","Betis",0.3061,0.2828,0.4111,1.28,1.51,https://theopenmodel.com/match/alaves-vs-betis-2027-04-11/
2027-04-11T00:00:00+00:00,la-liga,"Regular Season - 31","Osasuna","Real Madrid",0.1376,0.2364,0.6261,0.83,1.96,https://theopenmodel.com/match/osasuna-vs-real-madrid-2027-04-11/
2027-04-11T00:00:00+00:00,la-liga,"Regular Season - 31","Rayo Vallecano","Real Sociedad",0.3802,0.2846,0.3353,1.44,1.34,https://theopenmodel.com/match/rayo-vallecano-vs-real-sociedad-2027-04-11/
2027-04-11T00:00:00+00:00,la-liga,"Regular Season - 31","Santander","Barcelona",0.0648,0.1831,0.7521,0.54,2.24,https://theopenmodel.com/match/santander-vs-barcelona-2027-04-11/
2027-04-11T00:00:00+00:00,serie-a,"Regular Season - 31","Lazio","Torino",0.5793,0.2513,0.1694,1.86,0.92,https://theopenmodel.com/match/lazio-vs-torino-2027-04-11/
2027-04-11T00:00:00+00:00,serie-a,"Regular Season - 31","Cagliari","Atalanta",0.3392,0.2847,0.3761,1.35,1.43,https://theopenmodel.com/match/cagliari-vs-atalanta-2027-04-11/
2027-04-11T00:00:00+00:00,serie-a,"Regular Season - 31","Napoli","Sassuolo",0.5698,0.254,0.1763,1.84,0.94,https://theopenmodel.com/match/napoli-vs-sassuolo-2027-04-11/
2027-04-11T00:00:00+00:00,serie-a,"Regular Season - 31","Udinese","Monza",0.4747,0.2751,0.2502,1.64,1.14,https://theopenmodel.com/match/udinese-vs-monza-2027-04-11/
2027-04-11T00:00:00+00:00,serie-a,"Regular Season - 31","Juventus","Lecce",0.6853,0.2138,0.101,2.08,0.7,https://theopenmodel.com/match/juventus-vs-lecce-2027-04-11/
2027-04-11T00:00:00+00:00,serie-a,"Regular Season - 31","Bologna","Venezia",0.5566,0.2576,0.1859,1.81,0.97,https://theopenmodel.com/match/bologna-vs-venezia-2027-04-11/
2027-04-11T00:00:00+00:00,serie-a,"Regular Season - 31","Fiorentina","Milan",0.2338,0.2716,0.4946,1.1,1.68,https://theopenmodel.com/match/fiorentina-vs-milan-2027-04-11/
2027-04-11T00:00:00+00:00,serie-a,"Regular Season - 31","Internazionale","Roma",0.4783,0.2745,0.2472,1.65,1.13,https://theopenmodel.com/match/internazionale-vs-roma-2027-04-11/
2027-04-11T00:00:00+00:00,serie-a,"Regular Season - 31","Frosinone","Genoa",0.5373,0.2624,0.2002,1.77,1.01,https://theopenmodel.com/match/frosinone-vs-genoa-2027-04-11/
2027-04-11T00:00:00+00:00,serie-a,"Regular Season - 31","Parma","Como",0.2184,0.2677,0.5139,1.06,1.72,https://theopenmodel.com/match/parma-vs-como-2027-04-11/
2027-04-17T00:00:00+00:00,bundesliga,"Regular Season - 30","Bayern München","Hoffenheim",0.7913,0.1623,0.0464,2.33,0.45,https://theopenmodel.com/match/bayern-munchen-vs-hoffenheim-2027-04-17/
2027-04-17T00:00:00+00:00,bundesliga,"Regular Season - 30","Freiburg","Mainz",0.4952,0.2715,0.2333,1.68,1.1,https://theopenmodel.com/match/freiburg-vs-mainz-2027-04-17/
2027-04-17T00:00:00+00:00,bundesliga,"Regular Season - 30","Leverkusen","Werder",0.6137,0.2405,0.1457,1.93,0.85,https://theopenmodel.com/match/leverkusen-vs-werder-2027-04-17/
2027-04-17T00:00:00+00:00,bundesliga,"Regular Season - 30","Frankfurt","Gladbach",0.5385,0.2621,0.1993,1.77,1.01,https://theopenmodel.com/match/frankfurt-vs-gladbach-2027-04-17/
2027-04-17T00:00:00+00:00,bundesliga,"Regular Season - 30","Augsburg","Dortmund",0.2213,0.2685,0.5102,1.07,1.71,https://theopenmodel.com/match/augsburg-vs-dortmund-2027-04-17/
2027-04-17T00:00:00+00:00,bundesliga,"Regular Season - 30","RB Leipzig","Köln",0.596,0.2462,0.1578,1.89,0.89,https://theopenmodel.com/match/rb-leipzig-vs-koln-2027-04-17/
2027-04-17T00:00:00+00:00,bundesliga,"Regular Season - 30","Schalke","Hamburg",0.414,0.2826,0.3034,1.51,1.27,https://theopenmodel.com/match/schalke-vs-hamburg-2027-04-17/
2027-04-17T00:00:00+00:00,bundesliga,"Regular Season - 30","Union Berlin","Stuttgart",0.2701,0.2785,0.4514,1.19,1.59,https://theopenmodel.com/match/union-berlin-vs-stuttgart-2027-04-17/
2027-04-17T00:00:00+00:00,bundesliga,"Regular Season - 30","Elversberg","Paderborn",0.4484,0.2789,0.2727,1.58,1.2,https://theopenmodel.com/match/elversberg-vs-paderborn-2027-04-17/
2027-04-17T00:00:00+00:00,ligue-1,"Regular Season - 28","Angers","Lyon",0.2081,0.2648,0.5271,1.03,1.75,https://theopenmodel.com/match/angers-vs-lyon-2027-04-17/
2027-04-17T00:00:00+00:00,ligue-1,"Regular Season - 28","Paris SG","Lille",0.5948,0.2466,0.1586,1.89,0.89,https://theopenmodel.com/match/paris-sg-vs-lille-2027-04-17/
2027-04-17T00:00:00+00:00,ligue-1,"Regular Season - 28","Monaco","Strasbourg",0.5277,0.2647,0.2076,1.75,1.03,https://theopenmodel.com/match/monaco-vs-strasbourg-2027-04-17/
2027-04-17T00:00:00+00:00,ligue-1,"Regular Season - 28","Toulouse","Paris FC",0.3425,0.2848,0.3727,1.36,1.42,https://theopenmodel.com/match/toulouse-vs-paris-fc-2027-04-17/
2027-04-17T00:00:00+00:00,ligue-1,"Regular Season - 28","Brest","Le Mans",0.4795,0.2743,0.2462,1.65,1.13,https://theopenmodel.com/match/brest-vs-le-mans-2027-04-17/
2027-04-17T00:00:00+00:00,ligue-1,"Regular Season - 28","Auxerre","Lorient",0.3675,0.2849,0.3476,1.41,1.37,https://theopenmodel.com/match/auxerre-vs-lorient-2027-04-17/
2027-04-17T00:00:00+00:00,ligue-1,"Regular Season - 28","Le Havre","Marseille",0.2417,0.2733,0.485,1.12,1.66,https://theopenmodel.com/match/le-havre-vs-marseille-2027-04-17/
2027-04-17T00:00:00+00:00,ligue-1,"Regular Season - 28","Lens","Nice",0.5686,0.2543,0.1771,1.83,0.95,https://theopenmodel.com/match/lens-vs-nice-2027-04-17/
2027-04-17T00:00:00+00:00,ligue-1,"Regular Season - 28","Rennes","Troyes",0.6184,0.239,0.1426,1.94,0.84,https://theopenmodel.com/match/rennes-vs-troyes-2027-04-17/
2027-04-17T14:00:00+00:00,premier-league,"Regular Season - 32","Newcastle","Tottenham",0.5458,0.2603,0.1939,1.79,0.99,https://theopenmodel.com/match/newcastle-vs-tottenham-2027-04-17/
2027-04-17T14:00:00+00:00,premier-league,"Regular Season - 32","Fulham","Sunderland",0.4711,0.2757,0.2532,1.63,1.15,https://theopenmodel.com/match/fulham-vs-sunderland-2027-04-17/
2027-04-17T14:00:00+00:00,premier-league,"Regular Season - 32","Arsenal","Aston Villa",0.6231,0.2374,0.1395,1.95,0.83,https://theopenmodel.com/match/arsenal-vs-aston-villa-2027-04-17/
2027-04-17T14:00:00+00:00,premier-league,"Regular Season - 32","Everton","Bournemouth",0.4128,0.2827,0.3045,1.51,1.27,https://theopenmodel.com/match/everton-vs-bournemouth-2027-04-17/
2027-04-17T14:00:00+00:00,premier-league,"Regular Season - 32","Man City","Crystal Palace",0.7119,0.2022,0.0859,2.15,0.64,https://theopenmodel.com/match/man-city-vs-crystal-palace-2027-04-17/
2027-04-17T14:00:00+00:00,premier-league,"Regular Season - 32","Brighton","Chelsea",0.4795,0.2743,0.2462,1.65,1.13,https://theopenmodel.com/match/brighton-vs-chelsea-2027-04-17/
2027-04-17T14:00:00+00:00,premier-league,"Regular Season - 32","Brentford","Leeds",0.4604,0.2773,0.2624,1.61,1.17,https://theopenmodel.com/match/brentford-vs-leeds-2027-04-17/
2027-04-17T14:00:00+00:00,premier-league,"Regular Season - 32","Ipswich","Man United",0.2378,0.2725,0.4898,1.11,1.67,https://theopenmodel.com/match/ipswich-vs-man-united-2027-04-17/
2027-04-17T14:00:00+00:00,premier-league,"Regular Season - 32","Hull","Coventry",0.414,0.2826,0.3034,1.51,1.27,https://theopenmodel.com/match/hull-vs-coventry-2027-04-17/
2027-04-17T14:00:00+00:00,premier-league,"Regular Season - 32","Forest","Liverpool",0.2497,0.275,0.4753,1.14,1.64,https://theopenmodel.com/match/forest-vs-liverpool-2027-04-17/
2027-04-18T00:00:00+00:00,la-liga,"Regular Season - 32","Barcelona","Espanyol",0.823,0.144,0.0331,2.42,0.36,https://theopenmodel.com/match/barcelona-vs-espanyol-2027-04-18/
2027-04-18T00:00:00+00:00,la-liga,"Regular Season - 32","Atlético","Sevilla",0.5924,0.2473,0.1602,1.89,0.9,https://theopenmodel.com/match/atletico-vs-sevilla-2027-04-18/
2027-04-18T00:00:00+00:00,la-liga,"Regular Season - 32","Malaga","Valencia",0.3247,0.2841,0.3912,1.32,1.46,https://theopenmodel.com/match/malaga-vs-valencia-2027-04-18/
2027-04-18T00:00:00+00:00,la-liga,"Regular Season - 32","Levante","Villarreal",0.3181,0.2837,0.3982,1.3,1.48,https://theopenmodel.com/match/levante-vs-villarreal-2027-04-18/
2027-04-18T00:00:00+00:00,la-liga,"Regular Season - 32","Alaves","Rayo Vallecano",0.4117,0.2828,0.3056,1.51,1.27,https://theopenmodel.com/match/alaves-vs-rayo-vallecano-2027-04-18/
2027-04-18T00:00:00+00:00,la-liga,"Regular Season - 32","Betis","Bilbao",0.5984,0.2455,0.1561,1.9,0.88,https://theopenmodel.com/match/betis-vs-bilbao-2027-04-18/
2027-04-18T00:00:00+00:00,la-liga,"Regular Season - 32","Depor","Celta",0.3906,0.2841,0.3253,1.46,1.32,https://theopenmodel.com/match/depor-vs-celta-2027-04-18/
2027-04-18T00:00:00+00:00,la-liga,"Regular Season - 32","Getafe","Real Madrid",0.1271,0.2306,0.6424,0.79,1.99,https://theopenmodel.com/match/getafe-vs-real-madrid-2027-04-18/
2027-04-18T00:00:00+00:00,la-liga,"Regular Season - 32","Real Sociedad","Santander",0.5301,0.2641,0.2058,1.76,1.03,https://theopenmodel.com/match/real-sociedad-vs-santander-2027-04-18/
2027-04-18T00:00:00+00:00,la-liga,"Regular Season - 32","Elche","Osasuna",0.4152,0.2825,0.3023,1.52,1.27,https://theopenmodel.com/match/elche-vs-osasuna-2027-04-18/
2027-04-18T00:00:00+00:00,serie-a,"Regular Season - 32","Sassuolo","Lecce",0.5145,0.2676,0.2179,1.72,1.06,https://theopenmodel.com/match/sassuolo-vs-lecce-2027-04-18/
2027-04-18T00:00:00+00:00,serie-a,"Regular Season - 32","Milan","Napoli",0.427,0.2814,0.2916,1.54,1.24,https://theopenmodel.com/match/milan-vs-napoli-2027-04-18/
2027-04-18T00:00:00+00:00,serie-a,"Regular Season - 32","Roma","Lazio",0.5108,0.2684,0.2208,1.72,1.07,https://theopenmodel.com/match/roma-vs-lazio-2027-04-18/
2027-04-18T00:00:00+00:00,serie-a,"Regular Season - 32","Atalanta","Udinese",0.5337,0.2633,0.203,1.76,1.02,https://theopenmodel.com/match/atalanta-vs-udinese-2027-04-18/
2027-04-18T00:00:00+00:00,serie-a,"Regular Season - 32","Bologna","Cagliari",0.4164,0.2824,0.3013,1.52,1.26,https://theopenmodel.com/match/bologna-vs-cagliari-2027-04-18/
2027-04-18T00:00:00+00:00,serie-a,"Regular Season - 32","Fiorentina","Parma",0.4675,0.2762,0.2562,1.63,1.16,https://theopenmodel.com/match/fiorentina-vs-parma-2027-04-18/
2027-04-18T00:00:00+00:00,serie-a,"Regular Season - 32","Torino","Genoa",0.4711,0.2757,0.2532,1.63,1.15,https://theopenmodel.com/match/torino-vs-genoa-2027-04-18/
2027-04-18T00:00:00+00:00,serie-a,"Regular Season - 32","Venezia","Juventus",0.1623,0.2482,0.5894,0.9,1.88,https://theopenmodel.com/match/venezia-vs-juventus-2027-04-18/
2027-04-18T00:00:00+00:00,serie-a,"Regular Season - 32","Como","Frosinone",0.5193,0.2666,0.2142,1.73,1.05,https://theopenmodel.com/match/como-vs-frosinone-2027-04-18/
2027-04-18T00:00:00+00:00,serie-a,"Regular Season - 32","Monza","Internazionale",0.1121,0.2214,0.6665,0.74,2.04,https://theopenmodel.com/match/monza-vs-internazionale-2027-04-18/
2027-04-21T00:00:00+00:00,la-liga,"Regular Season - 33","Bilbao","Depor",0.3779,0.2846,0.3375,1.44,1.35,https://theopenmodel.com/match/bilbao-vs-depor-2027-04-21/
2027-04-21T00:00:00+00:00,la-liga,"Regular Season - 33","Valencia","Rayo Vallecano",0.3918,0.2841,0.3242,1.47,1.32,https://theopenmodel.com/match/valencia-vs-rayo-vallecano-2027-04-21/
2027-04-21T00:00:00+00:00,la-liga,"Regular Season - 33","Villarreal","Atlético",0.2826,0.2803,0.4371,1.22,1.56,https://theopenmodel.com/match/villarreal-vs-atletico-2027-04-21/
2027-04-21T00:00:00+00:00,la-liga,"Regular Season - 33","Sevilla","Levante",0.4759,0.2749,0.2492,1.64,1.14,https://theopenmodel.com/match/sevilla-vs-levante-2027-04-21/
2027-04-21T00:00:00+00:00,la-liga,"Regular Season - 33","Celta","Barcelona",0.0987,0.2121,0.6892,0.69,2.09,https://theopenmodel.com/match/celta-vs-barcelona-2027-04-21/
2027-04-21T00:00:00+00:00,la-liga,"Regular Season - 33","Espanyol","Real Sociedad",0.3325,0.2845,0.3831,1.34,1.45,https://theopenmodel.com/match/espanyol-vs-real-sociedad-2027-04-21/
2027-04-21T00:00:00+00:00,la-liga,"Regular Season - 33","Real Madrid","Elche",0.7347,0.1916,0.0737,2.2,0.58,https://theopenmodel.com/match/real-madrid-vs-elche-2027-04-21/
2027-04-21T00:00:00+00:00,la-liga,"Regular Season - 33","Getafe","Betis",0.2537,0.2757,0.4705,1.15,1.63,https://theopenmodel.com/match/getafe-vs-betis-2027-04-21/
2027-04-21T00:00:00+00:00,la-liga,"Regular Season - 33","Osasuna","Alaves",0.3721,0.2848,0.3431,1.42,1.36,https://theopenmodel.com/match/osasuna-vs-alaves-2027-04-21/
2027-04-21T00:00:00+00:00,la-liga,"Regular Season - 33","Santander","Malaga",0.4484,0.2789,0.2727,1.58,1.2,https://theopenmodel.com/match/santander-vs-malaga-2027-04-21/
2027-04-24T00:00:00+00:00,bundesliga,"Regular Season - 31","Werder","Bayern München",0.0923,0.2073,0.7003,0.66,2.12,https://theopenmodel.com/match/werder-vs-bayern-munchen-2027-04-24/
2027-04-24T00:00:00+00:00,bundesliga,"Regular Season - 31","Gladbach","Schalke",0.4105,0.2829,0.3067,1.51,1.28,https://theopenmodel.com/match/gladbach-vs-schalke-2027-04-24/
2027-04-24T00:00:00+00:00,bundesliga,"Regular Season - 31","Dortmund","RB Leipzig",0.559,0.2569,0.1841,1.82,0.97,https://theopenmodel.com/match/dortmund-vs-rb-leipzig-2027-04-24/
2027-04-24T00:00:00+00:00,bundesliga,"Regular Season - 31","Hoffenheim","Union Berlin",0.4711,0.2757,0.2532,1.63,1.15,https://theopenmodel.com/match/hoffenheim-vs-union-berlin-2027-04-24/
2027-04-24T00:00:00+00:00,bundesliga,"Regular Season - 31","Frankfurt","Leverkusen",0.2649,0.2777,0.4574,1.18,1.6,https://theopenmodel.com/match/frankfurt-vs-leverkusen-2027-04-24/
2027-04-24T00:00:00+00:00,bundesliga,"Regular Season - 31","Stuttgart","Freiburg",0.3929,0.284,0.3231,1.47,1.31,https://theopenmodel.com/match/stuttgart-vs-freiburg-2027-04-24/
2027-04-24T00:00:00+00:00,bundesliga,"Regular Season - 31","Hamburg","Elversberg",0.3425,0.2848,0.3727,1.36,1.42,https://theopenmodel.com/match/hamburg-vs-elversberg-2027-04-24/
2027-04-24T00:00:00+00:00,bundesliga,"Regular Season - 31","Paderborn","Augsburg",0.3269,0.2842,0.3889,1.32,1.46,https://theopenmodel.com/match/paderborn-vs-augsburg-2027-04-24/
2027-04-24T00:00:00+00:00,bundesliga,"Regular Season - 31","Köln","Mainz",0.305,0.2827,0.4122,1.27,1.51,https://theopenmodel.com/match/koln-vs-mainz-2027-04-24/
2027-04-24T00:00:00+00:00,ligue-1,"Regular Season - 29","Lille","Monaco",0.3607,0.2849,0.3544,1.4,1.38,https://theopenmodel.com/match/lille-vs-monaco-2027-04-24/
2027-04-24T00:00:00+00:00,ligue-1,"Regular Season - 29","Lyon","Brest",0.6055,0.2432,0.1513,1.91,0.87,https://theopenmodel.com/match/lyon-vs-brest-2027-04-24/
2027-04-24T00:00:00+00:00,ligue-1,"Regular Season - 29","Marseille","Auxerre",0.5446,0.2606,0.1948,1.79,1,https://theopenmodel.com/match/marseille-vs-auxerre-2027-04-24/
2027-04-24T00:00:00+00:00,ligue-1,"Regular Season - 29","Nice","Angers",0.4389,0.2801,0.281,1.57,1.22,https://theopenmodel.com/match/nice-vs-angers-2027-04-24/
2027-04-24T00:00:00+00:00,ligue-1,"Regular Season - 29","Lorient","Paris SG",0.1422,0.2388,0.619,0.84,1.94,https://theopenmodel.com/match/lorient-vs-paris-sg-2027-04-24/
2027-04-24T00:00:00+00:00,ligue-1,"Regular Season - 29","Troyes","Toulouse",0.3105,0.2832,0.4064,1.29,1.5,https://theopenmodel.com/match/troyes-vs-toulouse-2027-04-24/
2027-04-24T00:00:00+00:00,ligue-1,"Regular Season - 29","Paris FC","Lens",0.3629,0.2849,0.3521,1.4,1.38,https://theopenmodel.com/match/paris-fc-vs-lens-2027-04-24/
2027-04-24T00:00:00+00:00,ligue-1,"Regular Season - 29","Le Mans","Le Havre",0.4389,0.2801,0.281,1.57,1.22,https://theopenmodel.com/match/le-mans-vs-le-havre-2027-04-24/
2027-04-24T00:00:00+00:00,ligue-1,"Regular Season - 29","Strasbourg","Rennes",0.4011,0.2835,0.3154,1.49,1.3,https://theopenmodel.com/match/strasbourg-vs-rennes-2027-04-24/
2027-04-24T14:00:00+00:00,premier-league,"Regular Season - 33","Man United","Crystal Palace",0.4831,0.2737,0.2432,1.66,1.12,https://theopenmodel.com/match/man-united-vs-crystal-palace-2027-04-24/
2027-04-24T14:00:00+00:00,premier-league,"Regular Season - 33","Newcastle","Ipswich",0.6266,0.2362,0.1372,1.96,0.82,https://theopenmodel.com/match/newcastle-vs-ipswich-2027-04-24/
2027-04-24T14:00:00+00:00,premier-league,"Regular Season - 33","Bournemouth","Arsenal",0.2072,0.2645,0.5283,1.03,1.75,https://theopenmodel.com/match/bournemouth-vs-arsenal-2027-04-24/
2027-04-24T14:00:00+00:00,premier-league,"Regular Season - 33","Everton","Brighton",0.3192,0.2838,0.397,1.31,1.48,https://theopenmodel.com/match/everton-vs-brighton-2027-04-24/
2027-04-24T14:00:00+00:00,premier-league,"Regular Season - 33","Tottenham","Hull",0.5217,0.266,0.2123,1.74,1.04,https://theopenmodel.com/match/tottenham-vs-hull-2027-04-24/
2027-04-24T14:00:00+00:00,premier-league,"Regular Season - 33","Chelsea","Man City",0.2184,0.2677,0.5139,1.06,1.72,https://theopenmodel.com/match/chelsea-vs-man-city-2027-04-24/
2027-04-24T14:00:00+00:00,premier-league,"Regular Season - 33","Brentford","Fulham",0.5373,0.2624,0.2002,1.77,1.01,https://theopenmodel.com/match/brentford-vs-fulham-2027-04-24/
2027-04-24T14:00:00+00:00,premier-league,"Regular Season - 33","Leeds","Liverpool",0.3029,0.2825,0.4146,1.27,1.51,https://theopenmodel.com/match/leeds-vs-liverpool-2027-04-24/
2027-04-24T14:00:00+00:00,premier-league,"Regular Season - 33","Forest","Sunderland",0.4868,0.273,0.2402,1.67,1.12,https://theopenmodel.com/match/forest-vs-sunderland-2027-04-24/
2027-04-24T14:00:00+00:00,premier-league,"Regular Season - 33","Aston Villa","Coventry",0.6383,0.232,0.1297,1.98,0.8,https://theopenmodel.com/match/aston-villa-vs-coventry-2027-04-24/
2027-04-25T00:00:00+00:00,serie-a,"Regular Season - 33","Lazio","Como",0.4081,0.283,0.3088,1.5,1.28,https://theopenmodel.com/match/lazio-vs-como-2027-04-25/
2027-04-25T00:00:00+00:00,serie-a,"Regular Season - 33","Cagliari","Monza",0.5169,0.2671,0.2161,1.73,1.05,https://theopenmodel.com/match/cagliari-vs-monza-2027-04-25/
2027-04-25T00:00:00+00:00,serie-a,"Regular Season - 33","Napoli","Udinese",0.59,0.2481,0.1619,1.88,0.9,https://theopenmodel.com/match/napoli-vs-udinese-2027-04-25/
2027-04-25T00:00:00+00:00,serie-a,"Regular Season - 33","Genoa","Sassuolo",0.3236,0.284,0.3923,1.32,1.47,https://theopenmodel.com/match/genoa-vs-sassuolo-2027-04-25/
2027-04-25T00:00:00+00:00,serie-a,"Regular Season - 33","Juventus","Fiorentina",0.6161,0.2398,0.1442,1.94,0.85,https://theopenmodel.com/match/juventus-vs-fiorentina-2027-04-25/
2027-04-25T00:00:00+00:00,serie-a,"Regular Season - 33","Internazionale","Bologna",0.6774,0.217,0.1056,2.07,0.71,https://theopenmodel.com/match/internazionale-vs-bologna-2027-04-25/
2027-04-25T00:00:00+00:00,serie-a,"Regular Season - 33","Frosinone","Roma",0.2348,0.2718,0.4934,1.1,1.68,https://theopenmodel.com/match/frosinone-vs-roma-2027-04-25/
2027-04-25T00:00:00+00:00,serie-a,"Regular Season - 33","Venezia","Torino",0.3358,0.2846,0.3796,1.34,1.44,https://theopenmodel.com/match/venezia-vs-torino-2027-04-25/
2027-04-25T00:00:00+00:00,serie-a,"Regular Season - 33","Parma","Atalanta",0.2467,0.2744,0.4789,1.13,1.65,https://theopenmodel.com/match/parma-vs-atalanta-2027-04-25/
2027-04-25T00:00:00+00:00,serie-a,"Regular Season - 33","Lecce","Milan",0.1784,0.2548,0.5668,0.95,1.83,https://theopenmodel.com/match/lecce-vs-milan-2027-04-25/
2027-05-01T00:00:00+00:00,ligue-1,"Regular Season - 30","Paris SG","Angers",0.7753,0.171,0.0536,2.29,0.49,https://theopenmodel.com/match/paris-sg-vs-angers-2027-05-01/
2027-05-01T00:00:00+00:00,ligue-1,"Regular Season - 30","Monaco","Lorient",0.6102,0.2417,0.1481,1.92,0.86,https://theopenmodel.com/match/monaco-vs-lorient-2027-05-01/
2027-05-01T00:00:00+00:00,ligue-1,"Regular Season - 30","Strasbourg","Lille",0.3572,0.285,0.3578,1.39,1.39,https://theopenmodel.com/match/strasbourg-vs-lille-2027-05-01/
2027-05-01T00:00:00+00:00,ligue-1,"Regular Season - 30","Toulouse","Marseille",0.3347,0.2845,0.3807,1.34,1.44,https://theopenmodel.com/match/toulouse-vs-marseille-2027-05-01/
2027-05-01T00:00:00+00:00,ligue-1,"Regular Season - 30","Auxerre","Lyon",0.2118,0.2659,0.5223,1.04,1.74,https://theopenmodel.com/match/auxerre-vs-lyon-2027-05-01/
2027-05-01T00:00:00+00:00,ligue-1,"Regular Season - 30","Troyes","Brest",0.3236,0.284,0.3923,1.32,1.47,https://theopenmodel.com/match/troyes-vs-brest-2027-05-01/
2027-05-01T00:00:00+00:00,ligue-1,"Regular Season - 30","Le Havre","Paris FC",0.2487,0.2748,0.4765,1.14,1.64,https://theopenmodel.com/match/le-havre-vs-paris-fc-2027-05-01/
2027-05-01T00:00:00+00:00,ligue-1,"Regular Season - 30","Lens","Le Mans",0.6208,0.2382,0.141,1.95,0.84,https://theopenmodel.com/match/lens-vs-le-mans-2027-05-01/
2027-05-01T00:00:00+00:00,ligue-1,"Regular Season - 30","Rennes","Nice",0.5373,0.2624,0.2002,1.77,1.01,https://theopenmodel.com/match/rennes-vs-nice-2027-05-01/
2027-05-01T14:00:00+00:00,premier-league,"Regular Season - 34","Fulham","Everton",0.3414,0.2847,0.3738,1.35,1.43,https://theopenmodel.com/match/fulham-vs-everton-2027-05-01/
2027-05-01T14:00:00+00:00,premier-league,"Regular Season - 34","Liverpool","Chelsea",0.4988,0.2708,0.2304,1.69,1.09,https://theopenmodel.com/match/liverpool-vs-chelsea-2027-05-01/
2027-05-01T14:00:00+00:00,premier-league,"Regular Season - 34","Arsenal","Tottenham",0.7336,0.1921,0.0743,2.2,0.59,https://theopenmodel.com/match/arsenal-vs-tottenham-2027-05-01/
2027-05-01T14:00:00+00:00,premier-league,"Regular Season - 34","Man City","Brentford",0.6161,0.2398,0.1442,1.94,0.85,https://theopenmodel.com/match/man-city-vs-brentford-2027-05-01/
2027-05-01T14:00:00+00:00,premier-league,"Regular Season - 34","Brighton","Forest",0.5733,0.253,0.1737,1.85,0.94,https://theopenmodel.com/match/brighton-vs-forest-2027-05-01/
2027-05-01T14:00:00+00:00,premier-league,"Regular Season - 34","Crystal Palace","Aston Villa",0.3414,0.2847,0.3738,1.35,1.43,https://theopenmodel.com/match/crystal-palace-vs-aston-villa-2027-05-01/
2027-05-01T14:00:00+00:00,premier-league,"Regular Season - 34","Ipswich","Leeds",0.2507,0.2752,0.4741,1.14,1.64,https://theopenmodel.com/match/ipswich-vs-leeds-2027-05-01/
2027-05-01T14:00:00+00:00,premier-league,"Regular Season - 34","Hull","Bournemouth",0.229,0.2704,0.5006,1.09,1.69,https://theopenmodel.com/match/hull-vs-bournemouth-2027-05-01/
2027-05-01T14:00:00+00:00,premier-league,"Regular Season - 34","Sunderland","Newcastle",0.2568,0.2763,0.4669,1.16,1.62,https://theopenmodel.com/match/sunderland-vs-newcastle-2027-05-01/
2027-05-01T14:00:00+00:00,premier-league,"Regular Season - 34","Coventry","Man United",0.2165,0.2672,0.5163,1.06,1.73,https://theopenmodel.com/match/coventry-vs-man-united-2027-05-01/
2027-05-02T00:00:00+00:00,la-liga,"Regular Season - 34","Barcelona","Osasuna",0.8192,0.1462,0.0346,2.41,0.37,https://theopenmodel.com/match/barcelona-vs-osasuna-2027-05-02/
2027-05-02T00:00:00+00:00,la-liga,"Regular Season - 34","Atlético","Alaves",0.6114,0.2413,0.1473,1.93,0.86,https://theopenmodel.com/match/atletico-vs-alaves-2027-05-02/
2027-05-02T00:00:00+00:00,la-liga,"Regular Season - 34","Malaga","Getafe",0.3618,0.2849,0.3533,1.4,1.38,https://theopenmodel.com/match/malaga-vs-getafe-2027-05-02/
2027-05-02T00:00:00+00:00,la-liga,"Regular Season - 34","Celta","Sevilla",0.386,0.2843,0.3297,1.45,1.33,https://theopenmodel.com/match/celta-vs-sevilla-2027-05-02/
2027-05-02T00:00:00+00:00,la-liga,"Regular Season - 34","Levante","Real Madrid",0.1376,0.2364,0.6261,0.83,1.96,https://theopenmodel.com/match/levante-vs-real-madrid-2027-05-02/
2027-05-02T00:00:00+00:00,la-liga,"Regular Season - 34","Betis","Valencia",0.5482,0.2597,0.1921,1.79,0.99,https://theopenmodel.com/match/betis-vs-valencia-2027-05-02/
2027-05-02T00:00:00+00:00,la-liga,"Regular Season - 34","Depor","Santander",0.4592,0.2775,0.2634,1.61,1.17,https://theopenmodel.com/match/depor-vs-santander-2027-05-02/
2027-05-02T00:00:00+00:00,la-liga,"Regular Season - 34","Real Sociedad","Bilbao",0.5217,0.266,0.2123,1.74,1.04,https://theopenmodel.com/match/real-sociedad-vs-bilbao-2027-05-02/
2027-05-02T00:00:00+00:00,la-liga,"Regular Season - 34","Rayo Vallecano","Villarreal",0.3607,0.2849,0.3544,1.4,1.38,https://theopenmodel.com/match/rayo-vallecano-vs-villarreal-2027-05-02/
2027-05-02T00:00:00+00:00,la-liga,"Regular Season - 34","Elche","Espanyol",0.4199,0.2821,0.298,1.53,1.26,https://theopenmodel.com/match/elche-vs-espanyol-2027-05-02/
2027-05-02T00:00:00+00:00,serie-a,"Regular Season - 34","Sassuolo","Frosinone",0.386,0.2843,0.3297,1.45,1.33,https://theopenmodel.com/match/sassuolo-vs-frosinone-2027-05-02/
2027-05-02T00:00:00+00:00,serie-a,"Regular Season - 34","Milan","Lazio",0.4544,0.2781,0.2675,1.6,1.18,https://theopenmodel.com/match/milan-vs-lazio-2027-05-02/
2027-05-02T00:00:00+00:00,serie-a,"Regular Season - 34","Udinese","Genoa",0.488,0.2728,0.2392,1.67,1.11,https://theopenmodel.com/match/udinese-vs-genoa-2027-05-02/
2027-05-02T00:00:00+00:00,serie-a,"Regular Season - 34","Roma","Napoli",0.4831,0.2737,0.2432,1.66,1.12,https://theopenmodel.com/match/roma-vs-napoli-2027-05-02/
2027-05-02T00:00:00+00:00,serie-a,"Regular Season - 34","Atalanta","Juventus",0.3425,0.2848,0.3727,1.36,1.42,https://theopenmodel.com/match/atalanta-vs-juventus-2027-05-02/
2027-05-02T00:00:00+00:00,serie-a,"Regular Season - 34","Bologna","Fiorentina",0.4663,0.2764,0.2573,1.62,1.16,https://theopenmodel.com/match/bologna-vs-fiorentina-2027-05-02/
2027-05-02T00:00:00+00:00,serie-a,"Regular Season - 34","Torino","Parma",0.4592,0.2775,0.2634,1.61,1.17,https://theopenmodel.com/match/torino-vs-parma-2027-05-02/
2027-05-02T00:00:00+00:00,serie-a,"Regular Season - 34","Lecce","Cagliari",0.2986,0.2821,0.4193,1.26,1.52,https://theopenmodel.com/match/lecce-vs-cagliari-2027-05-02/
2027-05-02T00:00:00+00:00,serie-a,"Regular Season - 34","Como","Internazionale",0.2691,0.2784,0.4526,1.19,1.59,https://theopenmodel.com/match/como-vs-internazionale-2027-05-02/
2027-05-02T00:00:00+00:00,serie-a,"Regular Season - 34","Monza","Venezia",0.4508,0.2786,0.2706,1.59,1.19,https://theopenmodel.com/match/monza-vs-venezia-2027-05-02/
2027-05-08T00:00:00+00:00,bundesliga,"Regular Season - 32","Bayern München","Gladbach",0.853,0.1239,0.0231,2.54,0.3,https://theopenmodel.com/match/bayern-munchen-vs-gladbach-2027-05-08/
2027-05-08T00:00:00+00:00,bundesliga,"Regular Season - 32","Freiburg","Köln",0.6102,0.2417,0.1481,1.92,0.86,https://theopenmodel.com/match/freiburg-vs-koln-2027-05-08/
2027-05-08T00:00:00+00:00,bundesliga,"Regular Season - 32","Mainz","Dortmund",0.2222,0.2687,0.509,1.07,1.71,https://theopenmodel.com/match/mainz-vs-dortmund-2027-05-08/
2027-05-08T00:00:00+00:00,bundesliga,"Regular Season - 32","Leverkusen","Hamburg",0.692,0.2109,0.0971,2.1,0.68,https://theopenmodel.com/match/leverkusen-vs-hamburg-2027-05-08/
2027-05-08T00:00:00+00:00,bundesliga,"Regular Season - 32","Augsburg","Stuttgart",0.355,0.2849,0.3601,1.39,1.4,https://theopenmodel.com/match/augsburg-vs-stuttgart-2027-05-08/
2027-05-08T00:00:00+00:00,bundesliga,"Regular Season - 32","RB Leipzig","Paderborn",0.5733,0.253,0.1737,1.85,0.94,https://theopenmodel.com/match/rb-leipzig-vs-paderborn-2027-05-08/
2027-05-08T00:00:00+00:00,bundesliga,"Regular Season - 32","Schalke","Frankfurt",0.2996,0.2822,0.4181,1.26,1.52,https://theopenmodel.com/match/schalke-vs-frankfurt-2027-05-08/
2027-05-08T00:00:00+00:00,bundesliga,"Regular Season - 32","Union Berlin","Werder",0.371,0.2848,0.3442,1.42,1.36,https://theopenmodel.com/match/union-berlin-vs-werder-2027-05-08/
2027-05-08T00:00:00+00:00,bundesliga,"Regular Season - 32","Elversberg","Hoffenheim",0.3941,0.2839,0.322,1.47,1.31,https://theopenmodel.com/match/elversberg-vs-hoffenheim-2027-05-08/
2027-05-08T00:00:00+00:00,ligue-1,"Regular Season - 31","Angers","Toulouse",0.3629,0.2849,0.3521,1.4,1.38,https://theopenmodel.com/match/angers-vs-toulouse-2027-05-08/
2027-05-08T00:00:00+00:00,ligue-1,"Regular Season - 31","Nice","Marseille",0.3094,0.2831,0.4075,1.28,1.5,https://theopenmodel.com/match/nice-vs-marseille-2027-05-08/
2027-05-08T00:00:00+00:00,ligue-1,"Regular Season - 31","Lorient","Strasbourg",0.3347,0.2845,0.3807,1.34,1.44,https://theopenmodel.com/match/lorient-vs-strasbourg-2027-05-08/
2027-05-08T00:00:00+00:00,ligue-1,"Regular Season - 31","Brest","Auxerre",0.4472,0.2791,0.2737,1.58,1.2,https://theopenmodel.com/match/brest-vs-auxerre-2027-05-08/
2027-05-08T00:00:00+00:00,ligue-1,"Regular Season - 31","Paris FC","Lille",0.3493,0.2849,0.3658,1.37,1.41,https://theopenmodel.com/match/paris-fc-vs-lille-2027-05-08/
2027-05-08T00:00:00+00:00,ligue-1,"Regular Season - 31","Lens","Monaco",0.3471,0.2849,0.3681,1.37,1.41,https://theopenmodel.com/match/lens-vs-monaco-2027-05-08/
2027-05-08T00:00:00+00:00,ligue-1,"Regular Season - 31","Le Mans","Troyes",0.4424,0.2797,0.2779,1.57,1.21,https://theopenmodel.com/match/le-mans-vs-troyes-2027-05-08/
2027-05-08T00:00:00+00:00,ligue-1,"Regular Season - 31","Rennes","Le Havre",0.6149,0.2402,0.1449,1.93,0.85,https://theopenmodel.com/match/rennes-vs-le-havre-2027-05-08/
2027-05-08T14:00:00+00:00,premier-league,"Regular Season - 35","Newcastle","Coventry",0.6522,0.2269,0.1209,2.01,0.77,https://theopenmodel.com/match/newcastle-vs-coventry-2027-05-08/
2027-05-08T14:00:00+00:00,premier-league,"Regular Season - 35","Bournemouth","Man United",0.3988,0.2837,0.3176,1.48,1.3,https://theopenmodel.com/match/bournemouth-vs-man-united-2027-05-08/
2027-05-08T14:00:00+00:00,premier-league,"Regular Season - 35","Fulham","Ipswich",0.5145,0.2676,0.2179,1.72,1.06,https://theopenmodel.com/match/fulham-vs-ipswich-2027-05-08/
2027-05-08T14:00:00+00:00,premier-league,"Regular Season - 35","Everton","Hull",0.6161,0.2398,0.1442,1.94,0.85,https://theopenmodel.com/match/everton-vs-hull-2027-05-08/
2027-05-08T14:00:00+00:00,premier-league,"Regular Season - 35","Tottenham","Chelsea",0.2932,0.2816,0.4252,1.25,1.54,https://theopenmodel.com/match/tottenham-vs-chelsea-2027-05-08/
2027-05-08T14:00:00+00:00,premier-league,"Regular Season - 35","Man City","Liverpool",0.5458,0.2603,0.1939,1.79,0.99,https://theopenmodel.com/match/man-city-vs-liverpool-2027-05-08/
2027-05-08T14:00:00+00:00,premier-league,"Regular Season - 35","Brighton","Sunderland",0.6453,0.2295,0.1252,2,0.78,https://theopenmodel.com/match/brighton-vs-sunderland-2027-05-08/
2027-05-08T14:00:00+00:00,premier-league,"Regular Season - 35","Brentford","Aston Villa",0.4389,0.2801,0.281,1.57,1.22,https://theopenmodel.com/match/brentford-vs-aston-villa-2027-05-08/
2027-05-08T14:00:00+00:00,premier-league,"Regular Season - 35","Leeds","Arsenal",0.2072,0.2645,0.5283,1.03,1.75,https://theopenmodel.com/match/leeds-vs-arsenal-2027-05-08/
2027-05-08T14:00:00+00:00,premier-league,"Regular Season - 35","Forest","Crystal Palace",0.407,0.2831,0.3099,1.5,1.28,https://theopenmodel.com/match/forest-vs-crystal-palace-2027-05-08/
2027-05-09T00:00:00+00:00,la-liga,"Regular Season - 35","Bilbao","Malaga",0.4568,0.2778,0.2654,1.6,1.18,https://theopenmodel.com/match/bilbao-vs-malaga-2027-05-09/
2027-05-09T00:00:00+00:00,la-liga,"Regular Season - 35","Valencia","Atlético",0.2175,0.2675,0.5151,1.06,1.72,https://theopenmodel.com/match/valencia-vs-atletico-2027-05-09/
2027-05-09T00:00:00+00:00,la-liga,"Regular Season - 35","Villarreal","Celta",0.4807,0.2741,0.2452,1.65,1.13,https://theopenmodel.com/match/villarreal-vs-celta-2027-05-09/
2027-05-09T00:00:00+00:00,la-liga,"Regular Season - 35","Real Madrid","Barcelona",0.3192,0.2838,0.397,1.31,1.48,https://theopenmodel.com/match/real-madrid-vs-barcelona-2027-05-09/
2027-05-09T00:00:00+00:00,la-liga,"Regular Season - 35","Alaves","Levante",0.4568,0.2778,0.2654,1.6,1.18,https://theopenmodel.com/match/alaves-vs-levante-2027-05-09/
2027-05-09T00:00:00+00:00,la-liga,"Regular Season - 35","Betis","Espanyol",0.5757,0.2523,0.172,1.85,0.93,https://theopenmodel.com/match/betis-vs-espanyol-2027-05-09/
2027-05-09T00:00:00+00:00,la-liga,"Regular Season - 35","Getafe","Elche",0.3964,0.2838,0.3198,1.48,1.31,https://theopenmodel.com/match/getafe-vs-elche-2027-05-09/
2027-05-09T00:00:00+00:00,la-liga,"Regular Season - 35","Osasuna","Real Sociedad",0.3369,0.2846,0.3784,1.35,1.44,https://theopenmodel.com/match/osasuna-vs-real-sociedad-2027-05-09/
2027-05-09T00:00:00+00:00,la-liga,"Regular Season - 35","Rayo Vallecano","Depor",0.4496,0.2788,0.2716,1.59,1.19,https://theopenmodel.com/match/rayo-vallecano-vs-depor-2027-05-09/
2027-05-09T00:00:00+00:00,la-liga,"Regular Season - 35","Santander","Sevilla",0.3203,0.2838,0.3958,1.31,1.47,https://theopenmodel.com/match/santander-vs-sevilla-2027-05-09/
2027-05-09T00:00:00+00:00,serie-a,"Regular Season - 35","Lazio","Sassuolo",0.5422,0.2612,0.1966,1.78,1,https://theopenmodel.com/match/lazio-vs-sassuolo-2027-05-09/
2027-05-09T00:00:00+00:00,serie-a,"Regular Season - 35","Napoli","Monza",0.6499,0.2278,0.1223,2.01,0.77,https://theopenmodel.com/match/napoli-vs-monza-2027-05-09/
2027-05-09T00:00:00+00:00,serie-a,"Regular Season - 35","Udinese","Juventus",0.2368,0.2723,0.491,1.11,1.67,https://theopenmodel.com/match/udinese-vs-juventus-2027-05-09/
2027-05-09T00:00:00+00:00,serie-a,"Regular Season - 35","Genoa","Cagliari",0.304,0.2826,0.4134,1.27,1.51,https://theopenmodel.com/match/genoa-vs-cagliari-2027-05-09/
2027-05-09T00:00:00+00:00,serie-a,"Regular Season - 35","Fiorentina","Roma",0.1899,0.259,0.5512,0.98,1.8,https://theopenmodel.com/match/fiorentina-vs-roma-2027-05-09/
2027-05-09T00:00:00+00:00,serie-a,"Regular Season - 35","Torino","Bologna",0.355,0.2849,0.3601,1.39,1.4,https://theopenmodel.com/match/torino-vs-bologna-2027-05-09/
2027-05-09T00:00:00+00:00,serie-a,"Regular Season - 35","Internazionale","Lecce",0.7883,0.164,0.0477,2.33,0.45,https://theopenmodel.com/match/internazionale-vs-lecce-2027-05-09/
2027-05-09T00:00:00+00:00,serie-a,"Regular Season - 35","Frosinone","Atalanta",0.3459,0.2848,0.3692,1.36,1.42,https://theopenmodel.com/match/frosinone-vs-atalanta-2027-05-09/
2027-05-09T00:00:00+00:00,serie-a,"Regular Season - 35","Venezia","Como",0.1908,0.2593,0.55,0.99,1.8,https://theopenmodel.com/match/venezia-vs-como-2027-05-09/
2027-05-09T00:00:00+00:00,serie-a,"Regular Season - 35","Parma","Milan",0.1917,0.2596,0.5488,0.99,1.79,https://theopenmodel.com/match/parma-vs-milan-2027-05-09/
2027-05-09T18:45:00+00:00,ligue-1,"Regular Season - 31","Lyon","Paris SG",0.2784,0.2797,0.4418,1.21,1.57,https://theopenmodel.com/match/lyon-vs-paris-sg-2027-05-09/
2027-05-15T00:00:00+00:00,bundesliga,"Regular Season - 33","Werder","Schalke",0.4952,0.2715,0.2333,1.68,1.1,https://theopenmodel.com/match/werder-vs-schalke-2027-05-15/
2027-05-15T00:00:00+00:00,bundesliga,"Regular Season - 33","Gladbach","Augsburg",0.2879,0.281,0.4311,1.23,1.55,https://theopenmodel.com/match/gladbach-vs-augsburg-2027-05-15/
2027-05-15T00:00:00+00:00,bundesliga,"Regular Season - 33","Dortmund","Köln",0.7336,0.1921,0.0743,2.2,0.59,https://theopenmodel.com/match/dortmund-vs-koln-2027-05-15/
2027-05-15T00:00:00+00:00,bundesliga,"Regular Season - 33","Hoffenheim","Mainz",0.3779,0.2846,0.3375,1.44,1.35,https://theopenmodel.com/match/hoffenheim-vs-mainz-2027-05-15/
2027-05-15T00:00:00+00:00,bundesliga,"Regular Season - 33","Leverkusen","Bayern München",0.2261,0.2697,0.5042,1.08,1.7,https://theopenmodel.com/match/leverkusen-vs-bayern-munchen-2027-05-15/
2027-05-15T00:00:00+00:00,bundesliga,"Regular Season - 33","Frankfurt","Elversberg",0.4604,0.2773,0.2624,1.61,1.17,https://theopenmodel.com/match/frankfurt-vs-elversberg-2027-05-15/
2027-05-15T00:00:00+00:00,bundesliga,"Regular Season - 33","Stuttgart","RB Leipzig",0.407,0.2831,0.3099,1.5,1.28,https://theopenmodel.com/match/stuttgart-vs-rb-leipzig-2027-05-15/
2027-05-15T00:00:00+00:00,bundesliga,"Regular Season - 33","Hamburg","Freiburg",0.2213,0.2685,0.5102,1.07,1.71,https://theopenmodel.com/match/hamburg-vs-freiburg-2027-05-15/
2027-05-15T00:00:00+00:00,bundesliga,"Regular Season - 33","Paderborn","Union Berlin",0.4164,0.2824,0.3013,1.52,1.26,https://theopenmodel.com/match/paderborn-vs-union-berlin-2027-05-15/
2027-05-15T14:00:00+00:00,premier-league,"Regular Season - 36","Man United","Leeds",0.4294,0.2811,0.2895,1.55,1.24,https://theopenmodel.com/match/man-united-vs-leeds-2027-05-15/
2027-05-15T14:00:00+00:00,premier-league,"Regular Season - 36","Liverpool","Brentford",0.4844,0.2734,0.2422,1.66,1.12,https://theopenmodel.com/match/liverpool-vs-brentford-2027-05-15/
2027-05-15T14:00:00+00:00,premier-league,"Regular Season - 36","Arsenal","Forest",0.702,0.2066,0.0914,2.12,0.66,https://theopenmodel.com/match/arsenal-vs-forest-2027-05-15/
2027-05-15T14:00:00+00:00,premier-league,"Regular Season - 36","Chelsea","Everton",0.4472,0.2791,0.2737,1.58,1.2,https://theopenmodel.com/match/chelsea-vs-everton-2027-05-15/
2027-05-15T14:00:00+00:00,premier-league,"Regular Season - 36","Crystal Palace","Brighton",0.2722,0.2788,0.449,1.2,1.59,https://theopenmodel.com/match/crystal-palace-vs-brighton-2027-05-15/
2027-05-15T14:00:00+00:00,premier-league,"Regular Season - 36","Ipswich","Man City",0.0826,0.1995,0.7179,0.62,2.16,https://theopenmodel.com/match/ipswich-vs-man-city-2027-05-15/
2027-05-15T14:00:00+00:00,premier-league,"Regular Season - 36","Hull","Fulham",0.2943,0.2817,0.424,1.25,1.53,https://theopenmodel.com/match/hull-vs-fulham-2027-05-15/
2027-05-15T14:00:00+00:00,premier-league,"Regular Season - 36","Aston Villa","Newcastle",0.3999,0.2836,0.3165,1.48,1.3,https://theopenmodel.com/match/aston-villa-vs-newcastle-2027-05-15/
2027-05-15T14:00:00+00:00,premier-league,"Regular Season - 36","Sunderland","Bournemouth",0.2879,0.281,0.4311,1.23,1.55,https://theopenmodel.com/match/sunderland-vs-bournemouth-2027-05-15/
2027-05-15T14:00:00+00:00,premier-league,"Regular Season - 36","Coventry","Tottenham",0.3116,0.2832,0.4052,1.29,1.49,https://theopenmodel.com/match/coventry-vs-tottenham-2027-05-15/
2027-05-16T00:00:00+00:00,la-liga,"Regular Season - 36","Atlético","Rayo Vallecano",0.609,0.2421,0.1489,1.92,0.86,https://theopenmodel.com/match/atletico-vs-rayo-vallecano-2027-05-16/
2027-05-16T00:00:00+00:00,la-liga,"Regular Season - 36","Malaga","Celta",0.3148,0.2835,0.4017,1.3,1.49,https://theopenmodel.com/match/malaga-vs-celta-2027-05-16/
2027-05-16T00:00:00+00:00,la-liga,"Regular Season - 36","Sevilla","Villarreal",0.3767,0.2847,0.3386,1.43,1.35,https://theopenmodel.com/match/sevilla-vs-villarreal-2027-05-16/
2027-05-16T00:00:00+00:00,la-liga,"Regular Season - 36","Levante","Getafe",0.4306,0.281,0.2884,1.55,1.23,https://theopenmodel.com/match/levante-vs-getafe-2027-05-16/
2027-05-16T00:00:00+00:00,la-liga,"Regular Season - 36","Espanyol","Valencia",0.3871,0.2843,0.3286,1.46,1.33,https://theopenmodel.com/match/espanyol-vs-valencia-2027-05-16/
2027-05-16T00:00:00+00:00,la-liga,"Regular Season - 36","Real Madrid","Santander",0.7672,0.1754,0.0575,2.28,0.51,https://theopenmodel.com/match/real-madrid-vs-santander-2027-05-16/
2027-05-16T00:00:00+00:00,la-liga,"Regular Season - 36","Depor","Alaves",0.3813,0.2845,0.3342,1.44,1.34,https://theopenmodel.com/match/depor-vs-alaves-2027-05-16/
2027-05-16T00:00:00+00:00,la-liga,"Regular Season - 36","Real Sociedad","Barcelona",0.1256,0.2297,0.6447,0.79,2,https://theopenmodel.com/match/real-sociedad-vs-barcelona-2027-05-16/
2027-05-16T00:00:00+00:00,la-liga,"Regular Season - 36","Osasuna","Betis",0.268,0.2782,0.4538,1.19,1.6,https://theopenmodel.com/match/osasuna-vs-betis-2027-05-16/
2027-05-16T00:00:00+00:00,la-liga,"Regular Season - 36","Elche","Bilbao",0.4424,0.2797,0.2779,1.57,1.21,https://theopenmodel.com/match/elche-vs-bilbao-2027-05-16/
2027-05-16T00:00:00+00:00,serie-a,"Regular Season - 36","Lazio","Udinese",0.5626,0.256,0.1815,1.82,0.96,https://theopenmodel.com/match/lazio-vs-udinese-2027-05-16/
2027-05-16T00:00:00+00:00,serie-a,"Regular Season - 36","Sassuolo","Venezia",0.5325,0.2636,0.2039,1.76,1.02,https://theopenmodel.com/match/sassuolo-vs-venezia-2027-05-16/
2027-05-16T00:00:00+00:00,serie-a,"Regular Season - 36","Milan","Roma",0.3595,0.2849,0.3555,1.4,1.39,https://theopenmodel.com/match/milan-vs-roma-2027-05-16/
2027-05-16T00:00:00+00:00,serie-a,"Regular Season - 36","Cagliari","Torino",0.4723,0.2755,0.2522,1.64,1.15,https://theopenmodel.com/match/cagliari-vs-torino-2027-05-16/
2027-05-16T00:00:00+00:00,serie-a,"Regular Season - 36","Napoli","Genoa",0.6625,0.2229,0.1145,2.04,0.75,https://theopenmodel.com/match/napoli-vs-genoa-2027-05-16/
2027-05-16T00:00:00+00:00,serie-a,"Regular Season - 36","Juventus","Internazionale",0.304,0.2826,0.4134,1.27,1.51,https://theopenmodel.com/match/juventus-vs-internazionale-2027-05-16/
2027-05-16T00:00:00+00:00,serie-a,"Regular Season - 36","Bologna","Frosinone",0.4093,0.2829,0.3077,1.5,1.28,https://theopenmodel.com/match/bologna-vs-frosinone-2027-05-16/
2027-05-16T00:00:00+00:00,serie-a,"Regular Season - 36","Lecce","Fiorentina",0.3448,0.2848,0.3704,1.36,1.42,https://theopenmodel.com/match/lecce-vs-fiorentina-2027-05-16/
2027-05-16T00:00:00+00:00,serie-a,"Regular Season - 36","Como","Atalanta",0.4484,0.2789,0.2727,1.58,1.2,https://theopenmodel.com/match/como-vs-atalanta-2027-05-16/
2027-05-16T00:00:00+00:00,serie-a,"Regular Season - 36","Monza","Parma",0.4152,0.2825,0.3023,1.52,1.27,https://theopenmodel.com/match/monza-vs-parma-2027-05-16/
2027-05-16T00:00:00+00:00,ligue-1,"Regular Season - 32","Lille","Angers",0.6078,0.2425,0.1497,1.92,0.86,https://theopenmodel.com/match/lille-vs-angers-2027-05-16/
2027-05-16T00:00:00+00:00,ligue-1,"Regular Season - 32","Lyon","Le Mans",0.6694,0.2202,0.1104,2.05,0.73,https://theopenmodel.com/match/lyon-vs-le-mans-2027-05-16/
2027-05-16T00:00:00+00:00,ligue-1,"Regular Season - 32","Marseille","Lens",0.371,0.2848,0.3442,1.42,1.36,https://theopenmodel.com/match/marseille-vs-lens-2027-05-16/
2027-05-16T00:00:00+00:00,ligue-1,"Regular Season - 32","Paris SG","Nice",0.7537,0.1823,0.064,2.24,0.54,https://theopenmodel.com/match/paris-sg-vs-nice-2027-05-16/
2027-05-16T00:00:00+00:00,ligue-1,"Regular Season - 32","Monaco","Paris FC",0.5361,0.2627,0.2012,1.77,1.01,https://theopenmodel.com/match/monaco-vs-paris-fc-2027-05-16/
2027-05-16T00:00:00+00:00,ligue-1,"Regular Season - 32","Strasbourg","Troyes",0.6055,0.2432,0.1513,1.91,0.87,https://theopenmodel.com/match/strasbourg-vs-troyes-2027-05-16/
2027-05-16T00:00:00+00:00,ligue-1,"Regular Season - 32","Toulouse","Lorient",0.414,0.2826,0.3034,1.51,1.27,https://theopenmodel.com/match/toulouse-vs-lorient-2027-05-16/
2027-05-16T00:00:00+00:00,ligue-1,"Regular Season - 32","Brest","Le Havre",0.5048,0.2696,0.2256,1.7,1.08,https://theopenmodel.com/match/brest-vs-le-havre-2027-05-16/
2027-05-16T00:00:00+00:00,ligue-1,"Regular Season - 32","Auxerre","Rennes",0.2795,0.2799,0.4407,1.21,1.57,https://theopenmodel.com/match/auxerre-vs-rennes-2027-05-16/
2027-05-22T00:00:00+00:00,ligue-1,"Regular Season - 33","Angers","Brest",0.3767,0.2847,0.3386,1.43,1.35,https://theopenmodel.com/match/angers-vs-brest-2027-05-22/
2027-05-22T00:00:00+00:00,ligue-1,"Regular Season - 33","Nice","Monaco",0.2128,0.2662,0.5211,1.05,1.74,https://theopenmodel.com/match/nice-vs-monaco-2027-05-22/
2027-05-22T00:00:00+00:00,ligue-1,"Regular Season - 33","Toulouse","Auxerre",0.4615,0.2771,0.2613,1.61,1.17,https://theopenmodel.com/match/toulouse-vs-auxerre-2027-05-22/
2027-05-22T00:00:00+00:00,ligue-1,"Regular Season - 33","Lorient","Lyon",0.2507,0.2752,0.4741,1.14,1.64,https://theopenmodel.com/match/lorient-vs-lyon-2027-05-22/
2027-05-22T00:00:00+00:00,ligue-1,"Regular Season - 33","Troyes","Paris SG",0.0802,0.1975,0.7223,0.61,2.17,https://theopenmodel.com/match/troyes-vs-paris-sg-2027-05-22/
2027-05-22T00:00:00+00:00,ligue-1,"Regular Season - 33","Le Havre","Lille",0.1953,0.2608,0.544,1,1.78,https://theopenmodel.com/match/le-havre-vs-lille-2027-05-22/
2027-05-22T00:00:00+00:00,ligue-1,"Regular Season - 33","Paris FC","Marseille",0.4058,0.2832,0.311,1.5,1.29,https://theopenmodel.com/match/paris-fc-vs-marseille-2027-05-22/
2027-05-22T00:00:00+00:00,ligue-1,"Regular Season - 33","Le Mans","Strasbourg",0.2629,0.2774,0.4598,1.17,1.61,https://theopenmodel.com/match/le-mans-vs-strasbourg-2027-05-22/
2027-05-22T00:00:00+00:00,ligue-1,"Regular Season - 33","Lens","Rennes",0.4448,0.2794,0.2758,1.58,1.2,https://theopenmodel.com/match/lens-vs-rennes-2027-05-22/
2027-05-22T13:30:00+00:00,bundesliga,"Regular Season - 34","Bayern München","Frankfurt",0.7692,0.1743,0.0565,2.28,0.5,https://theopenmodel.com/match/bayern-munchen-vs-frankfurt-2027-05-22/
2027-05-22T13:30:00+00:00,bundesliga,"Regular Season - 34","Freiburg","Dortmund",0.2911,0.2813,0.4276,1.24,1.54,https://theopenmodel.com/match/freiburg-vs-dortmund-2027-05-22/
2027-05-22T13:30:00+00:00,bundesliga,"Regular Season - 34","Mainz","Stuttgart",0.3561,0.2849,0.3589,1.39,1.39,https://theopenmodel.com/match/mainz-vs-stuttgart-2027-05-22/
2027-05-22T13:30:00+00:00,bundesliga,"Regular Season - 34","Augsburg","Hamburg",0.5446,0.2606,0.1948,1.79,1,https://theopenmodel.com/match/augsburg-vs-hamburg-2027-05-22/
2027-05-22T13:30:00+00:00,bundesliga,"Regular Season - 34","RB Leipzig","Hoffenheim",0.5181,0.2668,0.2151,1.73,1.05,https://theopenmodel.com/match/rb-leipzig-vs-hoffenheim-2027-05-22/
2027-05-22T13:30:00+00:00,bundesliga,"Regular Season - 34","Schalke","Leverkusen",0.1699,0.2514,0.5787,0.93,1.86,https://theopenmodel.com/match/schalke-vs-leverkusen-2027-05-22/
2027-05-22T13:30:00+00:00,bundesliga,"Regular Season - 34","Union Berlin","Gladbach",0.4544,0.2781,0.2675,1.6,1.18,https://theopenmodel.com/match/union-berlin-vs-gladbach-2027-05-22/
2027-05-22T13:30:00+00:00,bundesliga,"Regular Season - 34","Köln","Paderborn",0.3918,0.2841,0.3242,1.47,1.32,https://theopenmodel.com/match/koln-vs-paderborn-2027-05-22/
2027-05-22T13:30:00+00:00,bundesliga,"Regular Season - 34","Elversberg","Werder",0.407,0.2831,0.3099,1.5,1.28,https://theopenmodel.com/match/elversberg-vs-werder-2027-05-22/
2027-05-23T00:00:00+00:00,la-liga,"Regular Season - 37","Barcelona","Malaga",0.8548,0.1225,0.0227,2.56,0.3,https://theopenmodel.com/match/barcelona-vs-malaga-2027-05-23/
2027-05-23T00:00:00+00:00,la-liga,"Regular Season - 37","Atlético","Bilbao",0.6796,0.2161,0.1043,2.07,0.71,https://theopenmodel.com/match/atletico-vs-bilbao-2027-05-23/
2027-05-23T00:00:00+00:00,la-liga,"Regular Season - 37","Valencia","Elche",0.4353,0.2805,0.2842,1.56,1.22,https://theopenmodel.com/match/valencia-vs-elche-2027-05-23/
2027-05-23T00:00:00+00:00,la-liga,"Regular Season - 37","Villarreal","Osasuna",0.5145,0.2676,0.2179,1.72,1.06,https://theopenmodel.com/match/villarreal-vs-osasuna-2027-05-23/
2027-05-23T00:00:00+00:00,la-liga,"Regular Season - 37","Sevilla","Getafe",0.4928,0.2719,0.2353,1.68,1.1,https://theopenmodel.com/match/sevilla-vs-getafe-2027-05-23/
2027-05-23T00:00:00+00:00,la-liga,"Regular Season - 37","Celta","Real Sociedad",0.3687,0.2849,0.3465,1.42,1.37,https://theopenmodel.com/match/celta-vs-real-sociedad-2027-05-23/
2027-05-23T00:00:00+00:00,la-liga,"Regular Season - 37","Alaves","Real Madrid",0.1665,0.25,0.5835,0.92,1.87,https://theopenmodel.com/match/alaves-vs-real-madrid-2027-05-23/
2027-05-23T00:00:00+00:00,la-liga,"Regular Season - 37","Depor","Espanyol",0.4282,0.2813,0.2906,1.54,1.24,https://theopenmodel.com/match/depor-vs-espanyol-2027-05-23/
2027-05-23T00:00:00+00:00,la-liga,"Regular Season - 37","Rayo Vallecano","Betis",0.3083,0.283,0.4087,1.28,1.5,https://theopenmodel.com/match/rayo-vallecano-vs-betis-2027-05-23/
2027-05-23T00:00:00+00:00,la-liga,"Regular Season - 37","Santander","Levante",0.379,0.2846,0.3364,1.44,1.34,https://theopenmodel.com/match/santander-vs-levante-2027-05-23/
2027-05-23T00:00:00+00:00,serie-a,"Regular Season - 37","Udinese","Sassuolo",0.3941,0.2839,0.322,1.47,1.31,https://theopenmodel.com/match/udinese-vs-sassuolo-2027-05-23/
2027-05-23T00:00:00+00:00,serie-a,"Regular Season - 37","Genoa","Bologna",0.3018,0.2824,0.4158,1.27,1.52,https://theopenmodel.com/match/genoa-vs-bologna-2027-05-23/
2027-05-23T00:00:00+00:00,serie-a,"Regular Season - 37","Roma","Como",0.5048,0.2696,0.2256,1.7,1.08,https://theopenmodel.com/match/roma-vs-como-2027-05-23/
2027-05-23T00:00:00+00:00,serie-a,"Regular Season - 37","Atalanta","Lecce",0.6137,0.2405,0.1457,1.93,0.85,https://theopenmodel.com/match/atalanta-vs-lecce-2027-05-23/
2027-05-23T00:00:00+00:00,serie-a,"Regular Season - 37","Fiorentina","Monza",0.4663,0.2764,0.2573,1.62,1.16,https://theopenmodel.com/match/fiorentina-vs-monza-2027-05-23/
2027-05-23T00:00:00+00:00,serie-a,"Regular Season - 37","Torino","Napoli",0.2378,0.2725,0.4898,1.11,1.67,https://theopenmodel.com/match/torino-vs-napoli-2027-05-23/
2027-05-23T00:00:00+00:00,serie-a,"Regular Season - 37","Internazionale","Lazio",0.5757,0.2523,0.172,1.85,0.93,https://theopenmodel.com/match/internazionale-vs-lazio-2027-05-23/
2027-05-23T00:00:00+00:00,serie-a,"Regular Season - 37","Frosinone","Cagliari",0.4211,0.282,0.297,1.53,1.25,https://theopenmodel.com/match/frosinone-vs-cagliari-2027-05-23/
2027-05-23T00:00:00+00:00,serie-a,"Regular Season - 37","Venezia","Milan",0.1656,0.2497,0.5847,0.91,1.87,https://theopenmodel.com/match/venezia-vs-milan-2027-05-23/
2027-05-23T00:00:00+00:00,serie-a,"Regular Season - 37","Parma","Juventus",0.1881,0.2583,0.5536,0.98,1.8,https://theopenmodel.com/match/parma-vs-juventus-2027-05-23/
2027-05-23T14:00:00+00:00,premier-league,"Regular Season - 37","Newcastle","Crystal Palace",0.5036,0.2698,0.2266,1.7,1.08,https://theopenmodel.com/match/newcastle-vs-crystal-palace-2027-05-23/
2027-05-23T14:00:00+00:00,premier-league,"Regular Season - 37","Bournemouth","Chelsea",0.3825,0.2845,0.333,1.45,1.34,https://theopenmodel.com/match/bournemouth-vs-chelsea-2027-05-23/
2027-05-23T14:00:00+00:00,premier-league,"Regular Season - 37","Fulham","Coventry",0.5409,0.2615,0.1975,1.78,1,https://theopenmodel.com/match/fulham-vs-coventry-2027-05-23/
2027-05-23T14:00:00+00:00,premier-league,"Regular Season - 37","Everton","Arsenal",0.2062,0.2643,0.5295,1.03,1.75,https://theopenmodel.com/match/everton-vs-arsenal-2027-05-23/
2027-05-23T14:00:00+00:00,premier-league,"Regular Season - 37","Tottenham","Man United",0.3083,0.283,0.4087,1.28,1.5,https://theopenmodel.com/match/tottenham-vs-man-united-2027-05-23/
2027-05-23T14:00:00+00:00,premier-league,"Regular Season - 37","Man City","Aston Villa",0.6406,0.2312,0.1282,1.99,0.79,https://theopenmodel.com/match/man-city-vs-aston-villa-2027-05-23/
2027-05-23T14:00:00+00:00,premier-league,"Regular Season - 37","Brighton","Liverpool",0.3953,0.2839,0.3209,1.47,1.31,https://theopenmodel.com/match/brighton-vs-liverpool-2027-05-23/
2027-05-23T14:00:00+00:00,premier-league,"Regular Season - 37","Brentford","Hull",0.6625,0.2229,0.1145,2.04,0.75,https://theopenmodel.com/match/brentford-vs-hull-2027-05-23/
2027-05-23T14:00:00+00:00,premier-league,"Regular Season - 37","Leeds","Sunderland",0.5482,0.2597,0.1921,1.79,0.99,https://theopenmodel.com/match/leeds-vs-sunderland-2027-05-23/
2027-05-23T14:00:00+00:00,premier-league,"Regular Season - 37","Forest","Ipswich",0.5301,0.2641,0.2058,1.76,1.03,https://theopenmodel.com/match/forest-vs-ipswich-2027-05-23/
2027-05-29T00:00:00+00:00,ligue-1,"Regular Season - 34","Lille","Le Mans",0.6348,0.2333,0.1319,1.98,0.81,https://theopenmodel.com/match/lille-vs-le-mans-2027-05-29/
2027-05-29T00:00:00+00:00,ligue-1,"Regular Season - 34","Lyon","Paris FC",0.5169,0.2671,0.2161,1.73,1.05,https://theopenmodel.com/match/lyon-vs-paris-fc-2027-05-29/
2027-05-29T00:00:00+00:00,ligue-1,"Regular Season - 34","Marseille","Lorient",0.4964,0.2712,0.2324,1.69,1.1,https://theopenmodel.com/match/marseille-vs-lorient-2027-05-29/
2027-05-29T00:00:00+00:00,ligue-1,"Regular Season - 34","Paris SG","Toulouse",0.7293,0.1942,0.0765,2.19,0.6,https://theopenmodel.com/match/paris-sg-vs-toulouse-2027-05-29/
2027-05-29T00:00:00+00:00,ligue-1,"Regular Season - 34","Monaco","Troyes",0.7141,0.2012,0.0847,2.15,0.63,https://theopenmodel.com/match/monaco-vs-troyes-2027-05-29/
2027-05-29T00:00:00+00:00,ligue-1,"Regular Season - 34","Strasbourg","Nice",0.5241,0.2655,0.2104,1.74,1.04,https://theopenmodel.com/match/strasbourg-vs-nice-2027-05-29/
2027-05-29T00:00:00+00:00,ligue-1,"Regular Season - 34","Brest","Lens",0.2816,0.2802,0.4383,1.22,1.56,https://theopenmodel.com/match/brest-vs-lens-2027-05-29/
2027-05-29T00:00:00+00:00,ligue-1,"Regular Season - 34","Auxerre","Le Havre",0.4711,0.2757,0.2532,1.63,1.15,https://theopenmodel.com/match/auxerre-vs-le-havre-2027-05-29/
2027-05-29T00:00:00+00:00,ligue-1,"Regular Season - 34","Rennes","Angers",0.5626,0.256,0.1815,1.82,0.96,https://theopenmodel.com/match/rennes-vs-angers-2027-05-29/
2027-05-30T00:00:00+00:00,la-liga,"Regular Season - 38","Bilbao","Rayo Vallecano",0.3437,0.2848,0.3715,1.36,1.42,https://theopenmodel.com/match/bilbao-vs-rayo-vallecano-2027-05-30/
2027-05-30T00:00:00+00:00,la-liga,"Regular Season - 38","Malaga","Sevilla",0.289,0.2811,0.43,1.24,1.55,https://theopenmodel.com/match/malaga-vs-sevilla-2027-05-30/
2027-05-30T00:00:00+00:00,la-liga,"Regular Season - 38","Levante","Celta",0.3813,0.2845,0.3342,1.44,1.34,https://theopenmodel.com/match/levante-vs-celta-2027-05-30/
2027-05-30T00:00:00+00:00,la-liga,"Regular Season - 38","Espanyol","Alaves",0.3675,0.2849,0.3476,1.41,1.37,https://theopenmodel.com/match/espanyol-vs-alaves-2027-05-30/
2027-05-30T00:00:00+00:00,la-liga,"Regular Season - 38","Real Madrid","Depor",0.7272,0.1952,0.0776,2.18,0.6,https://theopenmodel.com/match/real-madrid-vs-depor-2027-05-30/
2027-05-30T00:00:00+00:00,la-liga,"Regular Season - 38","Betis","Atlético",0.3336,0.2845,0.3819,1.34,1.44,https://theopenmodel.com/match/betis-vs-atletico-2027-05-30/
2027-05-30T00:00:00+00:00,la-liga,"Regular Season - 38","Getafe","Barcelona",0.0734,0.1914,0.7352,0.58,2.2,https://theopenmodel.com/match/getafe-vs-barcelona-2027-05-30/
2027-05-30T00:00:00+00:00,la-liga,"Regular Season - 38","Real Sociedad","Villarreal",0.3941,0.2839,0.322,1.47,1.31,https://theopenmodel.com/match/real-sociedad-vs-villarreal-2027-05-30/
2027-05-30T00:00:00+00:00,la-liga,"Regular Season - 38","Osasuna","Valencia",0.3918,0.2841,0.3242,1.47,1.32,https://theopenmodel.com/match/osasuna-vs-valencia-2027-05-30/
2027-05-30T00:00:00+00:00,la-liga,"Regular Season - 38","Elche","Santander",0.4508,0.2786,0.2706,1.59,1.19,https://theopenmodel.com/match/elche-vs-santander-2027-05-30/
2027-05-30T00:00:00+00:00,serie-a,"Regular Season - 38","Lazio","Fiorentina",0.5709,0.2536,0.1754,1.84,0.94,https://theopenmodel.com/match/lazio-vs-fiorentina-2027-05-30/
2027-05-30T00:00:00+00:00,serie-a,"Regular Season - 38","Sassuolo","Internazionale",0.164,0.249,0.5871,0.91,1.87,https://theopenmodel.com/match/sassuolo-vs-internazionale-2027-05-30/
2027-05-30T00:00:00+00:00,serie-a,"Regular Season - 38","Milan","Udinese",0.6031,0.244,0.1529,1.91,0.87,https://theopenmodel.com/match/milan-vs-udinese-2027-05-30/
2027-05-30T00:00:00+00:00,serie-a,"Regular Season - 38","Cagliari","Roma",0.229,0.2704,0.5006,1.09,1.69,https://theopenmodel.com/match/cagliari-vs-roma-2027-05-30/
2027-05-30T00:00:00+00:00,serie-a,"Regular Season - 38","Napoli","Atalanta",0.4699,0.2758,0.2542,1.63,1.15,https://theopenmodel.com/match/napoli-vs-atalanta-2027-05-30/
2027-05-30T00:00:00+00:00,serie-a,"Regular Season - 38","Juventus","Frosinone",0.559,0.2569,0.1841,1.82,0.97,https://theopenmodel.com/match/juventus-vs-frosinone-2027-05-30/
2027-05-30T00:00:00+00:00,serie-a,"Regular Season - 38","Bologna","Parma",0.5205,0.2663,0.2132,1.74,1.05,https://theopenmodel.com/match/bologna-vs-parma-2027-05-30/
2027-05-30T00:00:00+00:00,serie-a,"Regular Season - 38","Lecce","Venezia",0.4317,0.2809,0.2874,1.55,1.23,https://theopenmodel.com/match/lecce-vs-venezia-2027-05-30/
2027-05-30T00:00:00+00:00,serie-a,"Regular Season - 38","Como","Genoa",0.6418,0.2308,0.1274,1.99,0.79,https://theopenmodel.com/match/como-vs-genoa-2027-05-30/
2027-05-30T00:00:00+00:00,serie-a,"Regular Season - 38","Monza","Torino",0.371,0.2848,0.3442,1.42,1.36,https://theopenmodel.com/match/monza-vs-torino-2027-05-30/
2027-05-30T15:00:00+00:00,premier-league,"Regular Season - 38","Man United","Fulham",0.506,0.2694,0.2246,1.71,1.08,https://theopenmodel.com/match/man-united-vs-fulham-2027-05-30/
2027-05-30T15:00:00+00:00,premier-league,"Regular Season - 38","Liverpool","Bournemouth",0.5313,0.2638,0.2048,1.76,1.02,https://theopenmodel.com/match/liverpool-vs-bournemouth-2027-05-30/
2027-05-30T15:00:00+00:00,premier-league,"Regular Season - 38","Arsenal","Brighton",0.547,0.26,0.193,1.79,0.99,https://theopenmodel.com/match/arsenal-vs-brighton-2027-05-30/
2027-05-30T15:00:00+00:00,premier-league,"Regular Season - 38","Chelsea","Brentford",0.3999,0.2836,0.3165,1.48,1.3,https://theopenmodel.com/match/chelsea-vs-brentford-2027-05-30/
2027-05-30T15:00:00+00:00,premier-league,"Regular Season - 38","Crystal Palace","Leeds",0.3618,0.2849,0.3533,1.4,1.38,https://theopenmodel.com/match/crystal-palace-vs-leeds-2027-05-30/
2027-05-30T15:00:00+00:00,premier-league,"Regular Season - 38","Ipswich","Everton",0.2517,0.2754,0.4729,1.15,1.64,https://theopenmodel.com/match/ipswich-vs-everton-2027-05-30/
2027-05-30T15:00:00+00:00,premier-league,"Regular Season - 38","Hull","Newcastle",0.2007,0.2626,0.5367,1.01,1.77,https://theopenmodel.com/match/hull-vs-newcastle-2027-05-30/
2027-05-30T15:00:00+00:00,premier-league,"Regular Season - 38","Aston Villa","Tottenham",0.5313,0.2638,0.2048,1.76,1.02,https://theopenmodel.com/match/aston-villa-vs-tottenham-2027-05-30/
2027-05-30T15:00:00+00:00,premier-league,"Regular Season - 38","Sunderland","Man City",0.1053,0.2168,0.6779,0.71,2.07,https://theopenmodel.com/match/sunderland-vs-man-city-2027-05-30/
2027-05-30T15:00:00+00:00,premier-league,"Regular Season - 38","Coventry","Forest",0.2805,0.28,0.4395,1.22,1.57,https://theopenmodel.com/match/coventry-vs-forest-2027-05-30/
